Date,IndexETF,SupportiveETF,J-REIT,LendingETF
2010-12-15,142.0,,,
2010-12-16,,,22.0,
2010-12-17,,,,
2010-12-18,,,,
2010-12-19,,,,
2010-12-20,,,,
2010-12-21,,,,
2010-12-22,,,,
2010-12-23,,,,
2010-12-24,,,,
2010-12-25,,,,
2010-12-26,,,,
2010-12-27,,,,
2010-12-28,,,,
2010-12-29,,,,
2010-12-30,142.0,,,
2010-12-31,,,,
2011-01-01,,,,
2011-01-02,,,,
2011-01-03,,,,
2011-01-04,,,,
2011-01-05,,,,
2011-01-06,,,,
2011-01-07,,,,
2011-01-08,,,,
2011-01-09,,,,
2011-01-10,,,,
2011-01-11,,,,
2011-01-12,,,,
2011-01-13,,,,
2011-01-14,,,,
2011-01-15,,,,
2011-01-16,,,,
2011-01-17,,,,
2011-01-18,,,,
2011-01-19,,,,
2011-01-20,,,,
2011-01-21,146.0,,,
2011-01-22,,,,
2011-01-23,,,,
2011-01-24,,,,
2011-01-25,,,,
2011-01-26,,,,
2011-01-27,,,,
2011-01-28,146.0,,24.0,
2011-01-29,,,,
2011-01-30,,,,
2011-01-31,146.0,,,
2011-02-01,,,,
2011-02-02,,,,
2011-02-03,,,,
2011-02-04,,,,
2011-02-05,,,,
2011-02-06,,,,
2011-02-07,,,,
2011-02-08,,,,
2011-02-09,,,,
2011-02-10,,,,
2011-02-11,,,,
2011-02-12,,,,
2011-02-13,,,,
2011-02-14,,,,
2011-02-15,,,,
2011-02-16,,,,
2011-02-17,,,,
2011-02-18,,,,
2011-02-19,,,,
2011-02-20,,,,
2011-02-21,,,,
2011-02-22,141.0,,,
2011-02-23,,,,
2011-02-24,,,,
2011-02-25,,,,
2011-02-26,,,,
2011-02-27,,,,
2011-02-28,,,,
2011-03-01,,,,
2011-03-02,159.0,,18.0,
2011-03-03,,,18.0,
2011-03-04,,,,
2011-03-05,,,,
2011-03-06,,,,
2011-03-07,159.0,,,
2011-03-08,,,,
2011-03-09,,,,
2011-03-10,159.0,,,
2011-03-11,,,18.0,
2011-03-12,,,,
2011-03-13,,,,
2011-03-14,159.0,,18.0,
2011-03-15,159.0,,18.0,
2011-03-16,,,,
2011-03-17,192.0,,21.0,
2011-03-18,,,,
2011-03-19,,,,
2011-03-20,,,,
2011-03-21,,,,
2011-03-22,,,,
2011-03-23,,,21.0,
2011-03-24,,,,
2011-03-25,,,,
2011-03-26,,,,
2011-03-27,,,,
2011-03-28,,,,
2011-03-29,192.0,,,
2011-03-30,,,,
2011-03-31,,,,
2011-04-01,,,,
2011-04-02,,,,
2011-04-03,,,,
2011-04-04,,,,
2011-04-05,184.0,,19.0,
2011-04-06,,,,
2011-04-07,,,,
2011-04-08,,,,
2011-04-09,,,,
2011-04-10,,,,
2011-04-11,,,,
2011-04-12,184.0,,,
2011-04-13,,,,
2011-04-14,,,,
2011-04-15,,,,
2011-04-16,,,,
2011-04-17,,,,
2011-04-18,,,,
2011-04-19,184.0,,,
2011-04-20,,,,
2011-04-21,,,,
2011-04-22,,,,
2011-04-23,,,,
2011-04-24,,,,
2011-04-25,,,,
2011-04-26,,,,
2011-04-27,,,,
2011-04-28,,,,
2011-04-29,,,,
2011-04-30,,,,
2011-05-01,,,,
2011-05-02,,,,
2011-05-03,,,,
2011-05-04,,,,
2011-05-05,,,,
2011-05-06,194.0,,,
2011-05-07,,,,
2011-05-08,,,,
2011-05-09,,,,
2011-05-10,,,,
2011-05-11,,,,
2011-05-12,,,,
2011-05-13,,,,
2011-05-14,,,,
2011-05-15,,,,
2011-05-16,,,,
2011-05-17,,,,
2011-05-18,,,,
2011-05-19,,,,
2011-05-20,,,,
2011-05-21,,,,
2011-05-22,,,,
2011-05-23,194.0,,,
2011-05-24,,,,
2011-05-25,,,,
2011-05-26,,,,
2011-05-27,,,,
2011-05-28,,,,
2011-05-29,,,,
2011-05-30,,,,
2011-05-31,,,,
2011-06-01,,,,
2011-06-02,201.0,,,
2011-06-03,,,,
2011-06-04,,,,
2011-06-05,,,,
2011-06-06,,,,
2011-06-07,,,,
2011-06-08,,,,
2011-06-09,,,,
2011-06-10,,,,
2011-06-11,,,,
2011-06-12,,,,
2011-06-13,,,,
2011-06-14,,,,
2011-06-15,,,,
2011-06-16,,,,
2011-06-17,,,,
2011-06-18,,,,
2011-06-19,,,,
2011-06-20,,,,
2011-06-21,,,,
2011-06-22,,,,
2011-06-23,,,,
2011-06-24,,,,
2011-06-25,,,,
2011-06-26,,,,
2011-06-27,,,,
2011-06-28,,,,
2011-06-29,,,,
2011-06-30,,,,
2011-07-01,,,,
2011-07-02,,,,
2011-07-03,,,,
2011-07-04,,,,
2011-07-05,,,,
2011-07-06,,,,
2011-07-07,,,,
2011-07-08,,,,
2011-07-09,,,,
2011-07-10,,,,
2011-07-11,,,,
2011-07-12,221.0,,,
2011-07-13,,,30.0,
2011-07-14,,,,
2011-07-15,,,,
2011-07-16,,,,
2011-07-17,,,,
2011-07-18,,,,
2011-07-19,,,,
2011-07-20,,,,
2011-07-21,,,,
2011-07-22,,,,
2011-07-23,,,,
2011-07-24,,,,
2011-07-25,,,,
2011-07-26,,,,
2011-07-27,,,,
2011-07-28,,,,
2011-07-29,,,,
2011-07-30,,,,
2011-07-31,,,,
2011-08-01,,,,
2011-08-02,241.0,,,
2011-08-03,241.0,,33.0,
2011-08-04,,,,
2011-08-05,241.0,,33.0,
2011-08-06,,,,
2011-08-07,,,,
2011-08-08,241.0,,33.0,
2011-08-09,256.0,,22.0,
2011-08-10,,,,
2011-08-11,256.0,,,
2011-08-12,,,,
2011-08-13,,,,
2011-08-14,,,,
2011-08-15,,,,
2011-08-16,,,,
2011-08-17,,,22.0,
2011-08-18,,,,
2011-08-19,256.0,,22.0,
2011-08-20,,,,
2011-08-21,,,,
2011-08-22,,,,
2011-08-23,,,,
2011-08-24,,,,
2011-08-25,,,,
2011-08-26,,,,
2011-08-27,,,,
2011-08-28,,,,
2011-08-29,,,,
2011-08-30,,,,
2011-08-31,,,,
2011-09-01,,,,
2011-09-02,223.0,,,
2011-09-03,,,,
2011-09-04,,,,
2011-09-05,223.0,,,
2011-09-06,223.0,,,
2011-09-07,,,,
2011-09-08,,,,
2011-09-09,,,17.0,
2011-09-10,,,,
2011-09-11,,,,
2011-09-12,223.0,,17.0,
2011-09-13,,,17.0,
2011-09-14,,,17.0,
2011-09-15,,,17.0,
2011-09-16,,,,
2011-09-17,,,,
2011-09-18,,,,
2011-09-19,,,,
2011-09-20,223.0,,17.0,
2011-09-21,,,,
2011-09-22,223.0,,17.0,
2011-09-23,,,,
2011-09-24,,,,
2011-09-25,,,,
2011-09-26,223.0,,17.0,
2011-09-27,,,,
2011-09-28,,,,
2011-09-29,,,17.0,
2011-09-30,,,,
2011-10-01,,,,
2011-10-02,,,,
2011-10-03,223.0,,17.0,
2011-10-04,173.0,,7.0,
2011-10-05,173.0,,7.0,
2011-10-06,,,,
2011-10-07,,,,
2011-10-08,,,,
2011-10-09,,,,
2011-10-10,,,,
2011-10-11,,,,
2011-10-12,,,,
2011-10-13,,,,
2011-10-14,,,7.0,
2011-10-15,,,,
2011-10-16,,,,
2011-10-17,,,,
2011-10-18,173.0,,,
2011-10-19,,,,
2011-10-20,,,,
2011-10-21,,,,
2011-10-22,,,,
2011-10-23,,,,
2011-10-24,,,,
2011-10-25,,,,
2011-10-26,,,,
2011-10-27,,,,
2011-10-28,,,,
2011-10-29,,,,
2011-10-30,,,,
2011-10-31,,,7.0,
2011-11-01,,,7.0,
2011-11-02,164.0,,7.0,
2011-11-03,,,,
2011-11-04,,,,
2011-11-05,,,,
2011-11-06,,,,
2011-11-07,,,,
2011-11-08,,,7.0,
2011-11-09,,,,
2011-11-10,164.0,,7.0,
2011-11-11,,,,
2011-11-12,,,,
2011-11-13,,,,
2011-11-14,,,,
2011-11-15,,,,
2011-11-16,,,,
2011-11-17,,,,
2011-11-18,164.0,,7.0,
2011-11-19,,,,
2011-11-20,,,,
2011-11-21,,,,
2011-11-22,,,,
2011-11-23,,,,
2011-11-24,,,,
2011-11-25,,,,
2011-11-26,,,,
2011-11-27,,,,
2011-11-28,,,,
2011-11-29,,,,
2011-11-30,,,,
2011-12-01,,,,
2011-12-02,,,,
2011-12-03,,,,
2011-12-04,,,,
2011-12-05,,,,
2011-12-06,,,,
2011-12-07,,,8.0,
2011-12-08,,,8.0,
2011-12-09,,,8.0,
2011-12-10,,,,
2011-12-11,,,,
2011-12-12,,,,
2011-12-13,178.0,,,
2011-12-14,,,,
2011-12-15,178.0,,,
2011-12-16,,,,
2011-12-17,,,,
2011-12-18,,,,
2011-12-19,,,,
2011-12-20,,,,
2011-12-21,,,,
2011-12-22,,,,
2011-12-23,,,,
2011-12-24,,,,
2011-12-25,,,,
2011-12-26,,,,
2011-12-27,,,,
2011-12-28,,,8.0,
2011-12-29,,,8.0,
2011-12-30,,,,
2011-12-31,,,,
2012-01-01,,,,
2012-01-02,,,,
2012-01-03,,,,
2012-01-04,,,,
2012-01-05,,,,
2012-01-06,,,,
2012-01-07,,,,
2012-01-08,,,,
2012-01-09,,,,
2012-01-10,,,,
2012-01-11,,,,
2012-01-12,,,,
2012-01-13,,,,
2012-01-14,,,,
2012-01-15,,,,
2012-01-16,188.0,,,
2012-01-17,,,,
2012-01-18,,,,
2012-01-19,,,,
2012-01-20,,,,
2012-01-21,,,,
2012-01-22,,,,
2012-01-23,,,,
2012-01-24,,,,
2012-01-25,,,,
2012-01-26,,,,
2012-01-27,,,,
2012-01-28,,,,
2012-01-29,,,,
2012-01-30,,,,
2012-01-31,,,,
2012-02-01,,,,
2012-02-02,,,,
2012-02-03,,,,
2012-02-04,,,,
2012-02-05,,,,
2012-02-06,,,,
2012-02-07,,,13.0,
2012-02-08,,,,
2012-02-09,,,,
2012-02-10,,,,
2012-02-11,,,,
2012-02-12,,,,
2012-02-13,,,,
2012-02-14,,,,
2012-02-15,,,,
2012-02-16,,,,
2012-02-17,,,,
2012-02-18,,,,
2012-02-19,,,,
2012-02-20,,,,
2012-02-21,,,,
2012-02-22,,,13.0,
2012-02-23,,,,
2012-02-24,,,,
2012-02-25,,,,
2012-02-26,,,,
2012-02-27,,,,
2012-02-28,,,13.0,
2012-02-29,,,,
2012-03-01,,,13.0,
2012-03-02,,,,
2012-03-03,,,,
2012-03-04,,,,
2012-03-05,,,,
2012-03-06,,,,
2012-03-07,,,15.0,
2012-03-08,,,,
2012-03-09,,,,
2012-03-10,,,,
2012-03-11,,,,
2012-03-12,,,,
2012-03-13,,,,
2012-03-14,,,,
2012-03-15,,,,
2012-03-16,,,,
2012-03-17,,,,
2012-03-18,,,,
2012-03-19,,,,
2012-03-20,,,,
2012-03-21,,,,
2012-03-22,,,,
2012-03-23,,,,
2012-03-24,,,,
2012-03-25,,,,
2012-03-26,,,,
2012-03-27,,,,
2012-03-28,262.0,,,
2012-03-29,,,,
2012-03-30,,,,
2012-03-31,,,,
2012-04-01,,,,
2012-04-02,,,,
2012-04-03,,,,
2012-04-04,,,,
2012-04-05,,,,
2012-04-06,,,,
2012-04-07,,,,
2012-04-08,,,,
2012-04-09,285.0,,17.0,
2012-04-10,,,,
2012-04-11,285.0,,17.0,
2012-04-12,,,,
2012-04-13,,,,
2012-04-14,,,,
2012-04-15,,,,
2012-04-16,285.0,,,
2012-04-17,,,,
2012-04-18,,,,
2012-04-19,,,,
2012-04-20,,,,
2012-04-21,,,,
2012-04-22,,,,
2012-04-23,,,,
2012-04-24,,,,
2012-04-25,,,,
2012-04-26,,,,
2012-04-27,,,,
2012-04-28,,,,
2012-04-29,,,,
2012-04-30,,,,
2012-05-01,,,,
2012-05-02,,,,
2012-05-03,,,,
2012-05-04,,,,
2012-05-05,,,,
2012-05-06,,,,
2012-05-07,397.0,,23.0,
2012-05-08,,,,
2012-05-09,397.0,,,
2012-05-10,,,,
2012-05-11,,,,
2012-05-12,,,,
2012-05-13,,,,
2012-05-14,,,,
2012-05-15,397.0,,23.0,
2012-05-16,,,23.0,
2012-05-17,,,,
2012-05-18,397.0,,23.0,
2012-05-19,,,,
2012-05-20,,,,
2012-05-21,,,,
2012-05-22,,,,
2012-05-23,,,,
2012-05-24,,,,
2012-05-25,,,,
2012-05-26,,,,
2012-05-27,,,,
2012-05-28,,,,
2012-05-29,,,23.0,
2012-05-30,397.0,,,
2012-05-31,397.0,,23.0,
2012-06-01,,,,
2012-06-02,,,,
2012-06-03,,,,
2012-06-04,263.0,,13.0,
2012-06-05,,,,
2012-06-06,,,,
2012-06-07,,,,
2012-06-08,263.0,,,
2012-06-09,,,,
2012-06-10,,,,
2012-06-11,,,,
2012-06-12,263.0,,,
2012-06-13,,,,
2012-06-14,,,,
2012-06-15,,,,
2012-06-16,,,,
2012-06-17,,,,
2012-06-18,,,,
2012-06-19,,,,
2012-06-20,,,,
2012-06-21,,,,
2012-06-22,,,,
2012-06-23,,,,
2012-06-24,,,,
2012-06-25,,,,
2012-06-26,,,,
2012-06-27,,,,
2012-06-28,,,,
2012-06-29,,,,
2012-06-30,,,,
2012-07-01,,,,
2012-07-02,,,,
2012-07-03,,,,
2012-07-04,,,,
2012-07-05,,,,
2012-07-06,,,,
2012-07-07,,,,
2012-07-08,,,,
2012-07-09,,,,
2012-07-10,,,,
2012-07-11,,,,
2012-07-12,,,,
2012-07-13,,,,
2012-07-14,,,,
2012-07-15,,,,
2012-07-16,,,,
2012-07-17,,,,
2012-07-18,,,,
2012-07-19,,,,
2012-07-20,,,,
2012-07-21,,,,
2012-07-22,,,,
2012-07-23,204.0,,,
2012-07-24,,,16.0,
2012-07-25,,,,
2012-07-26,,,,
2012-07-27,,,,
2012-07-28,,,,
2012-07-29,,,,
2012-07-30,,,,
2012-07-31,,,,
2012-08-01,204.0,,,
2012-08-02,,,,
2012-08-03,249.0,,,
2012-08-04,,,,
2012-08-05,,,,
2012-08-06,,,,
2012-08-07,,,,
2012-08-08,,,,
2012-08-09,,,,
2012-08-10,,,,
2012-08-11,,,,
2012-08-12,,,,
2012-08-13,,,,
2012-08-14,,,,
2012-08-15,,,,
2012-08-16,,,,
2012-08-17,,,,
2012-08-18,,,,
2012-08-19,,,,
2012-08-20,,,,
2012-08-21,,,,
2012-08-22,,,,
2012-08-23,,,,
2012-08-24,,,,
2012-08-25,,,,
2012-08-26,,,,
2012-08-27,,,,
2012-08-28,,,,
2012-08-29,,,,
2012-08-30,,,,
2012-08-31,249.0,,,
2012-09-01,,,,
2012-09-02,,,,
2012-09-03,,,,
2012-09-04,,,,
2012-09-05,,,,
2012-09-06,,,,
2012-09-07,,,,
2012-09-08,,,,
2012-09-09,,,,
2012-09-10,,,,
2012-09-11,255.0,,,
2012-09-12,,,,
2012-09-13,,,,
2012-09-14,,,,
2012-09-15,,,,
2012-09-16,,,,
2012-09-17,,,,
2012-09-18,,,,
2012-09-19,,,,
2012-09-20,,,38.0,
2012-09-21,,,,
2012-09-22,,,,
2012-09-23,,,,
2012-09-24,,,,
2012-09-25,,,,
2012-09-26,255.0,,,
2012-09-27,,,,
2012-09-28,,,,
2012-09-29,,,,
2012-09-30,,,,
2012-10-01,,,38.0,
2012-10-02,,,,
2012-10-03,,,17.0,
2012-10-04,,,,
2012-10-05,,,17.0,
2012-10-06,,,,
2012-10-07,,,,
2012-10-08,,,,
2012-10-09,,,,
2012-10-10,314.0,,,
2012-10-11,,,,
2012-10-12,,,,
2012-10-13,,,,
2012-10-14,,,,
2012-10-15,,,,
2012-10-16,,,,
2012-10-17,,,,
2012-10-18,,,,
2012-10-19,,,17.0,
2012-10-20,,,,
2012-10-21,,,,
2012-10-22,,,,
2012-10-23,,,,
2012-10-24,,,,
2012-10-25,,,17.0,
2012-10-26,,,17.0,
2012-10-27,,,,
2012-10-28,,,,
2012-10-29,,,,
2012-10-30,,,,
2012-10-31,,,17.0,
2012-11-01,,,,
2012-11-02,,,,
2012-11-03,,,,
2012-11-04,,,,
2012-11-05,,,,
2012-11-06,,,,
2012-11-07,,,,
2012-11-08,191.0,,,
2012-11-09,,,,
2012-11-10,,,,
2012-11-11,,,,
2012-11-12,,,,
2012-11-13,,,,
2012-11-14,,,,
2012-11-15,,,,
2012-11-16,,,,
2012-11-17,,,,
2012-11-18,,,,
2012-11-19,,,,
2012-11-20,,,,
2012-11-21,,,,
2012-11-22,,,,
2012-11-23,,,,
2012-11-24,,,,
2012-11-25,,,,
2012-11-26,,,,
2012-11-27,,,,
2012-11-28,,,,
2012-11-29,,,,
2012-11-30,,,,
2012-12-01,,,,
2012-12-02,,,,
2012-12-03,,,,
2012-12-04,,,,
2012-12-05,,,,
2012-12-06,,,,
2012-12-07,,,,
2012-12-08,,,,
2012-12-09,,,,
2012-12-10,,,,
2012-12-11,,,,
2012-12-12,,,,
2012-12-13,,,,
2012-12-14,,,,
2012-12-15,,,,
2012-12-16,,,,
2012-12-17,,,,
2012-12-18,,,,
2012-12-19,,,,
2012-12-20,,,,
2012-12-21,,,,
2012-12-22,,,,
2012-12-23,,,,
2012-12-24,,,,
2012-12-25,,,,
2012-12-26,,,,
2012-12-27,,,,
2012-12-28,,,,
2012-12-29,,,,
2012-12-30,,,,
2012-12-31,,,,
2013-01-01,,,,
2013-01-02,,,,
2013-01-03,,,,
2013-01-04,,,,
2013-01-05,,,,
2013-01-06,,,,
2013-01-07,,,,
2013-01-08,,,18.0,
2013-01-09,,,,
2013-01-10,,,,
2013-01-11,,,,
2013-01-12,,,,
2013-01-13,,,,
2013-01-14,,,,
2013-01-15,,,,
2013-01-16,227.0,,,
2013-01-17,,,,
2013-01-18,,,,
2013-01-19,,,,
2013-01-20,,,,
2013-01-21,,,,
2013-01-22,,,,
2013-01-23,,,,
2013-01-24,,,,
2013-01-25,,,,
2013-01-26,,,,
2013-01-27,,,,
2013-01-28,,,,
2013-01-29,,,,
2013-01-30,,,,
2013-01-31,,,,
2013-02-01,,,18.0,
2013-02-02,,,,
2013-02-03,,,,
2013-02-04,,,,
2013-02-05,,,17.0,
2013-02-06,,,,
2013-02-07,,,,
2013-02-08,,,,
2013-02-09,,,,
2013-02-10,,,,
2013-02-11,,,,
2013-02-12,,,,
2013-02-13,,,,
2013-02-14,,,,
2013-02-15,238.0,,,
2013-02-16,,,,
2013-02-17,,,,
2013-02-18,,,,
2013-02-19,,,,
2013-02-20,,,,
2013-02-21,,,,
2013-02-22,,,,
2013-02-23,,,,
2013-02-24,,,,
2013-02-25,,,,
2013-02-26,,,,
2013-02-27,,,,
2013-02-28,,,,
2013-03-01,,,,
2013-03-02,,,,
2013-03-03,,,,
2013-03-04,,,,
2013-03-05,,,,
2013-03-06,,,,
2013-03-07,,,,
2013-03-08,,,,
2013-03-09,,,,
2013-03-10,,,,
2013-03-11,,,,
2013-03-12,,,,
2013-03-13,,,,
2013-03-14,,,,
2013-03-15,,,,
2013-03-16,,,,
2013-03-17,,,,
2013-03-18,287.0,,14.0,
2013-03-19,,,,
2013-03-20,,,,
2013-03-21,,,,
2013-03-22,,,,
2013-03-23,,,,
2013-03-24,,,,
2013-03-25,,,,
2013-03-26,,,,
2013-03-27,,,,
2013-03-28,287.0,,14.0,
2013-03-29,,,14.0,
2013-03-30,,,,
2013-03-31,,,,
2013-04-01,287.0,,14.0,
2013-04-02,,,,
2013-04-03,,,11.0,
2013-04-04,331.0,,11.0,
2013-04-05,,,,
2013-04-06,,,,
2013-04-07,,,,
2013-04-08,,,,
2013-04-09,,,11.0,
2013-04-10,,,,
2013-04-11,,,17.0,
2013-04-12,,,,
2013-04-13,,,,
2013-04-14,,,,
2013-04-15,216.0,,,
2013-04-16,216.0,,17.0,
2013-04-17,,,,
2013-04-18,,,,
2013-04-19,,,,
2013-04-20,,,,
2013-04-21,,,,
2013-04-22,,,,
2013-04-23,,,17.0,
2013-04-24,,,17.0,
2013-04-25,,,17.0,
2013-04-26,216.0,,,
2013-04-27,,,,
2013-04-28,,,,
2013-04-29,,,,
2013-04-30,,,,
2013-05-01,,,,
2013-05-02,,,6.0,
2013-05-03,,,,
2013-05-04,,,,
2013-05-05,,,,
2013-05-06,,,,
2013-05-07,,,,
2013-05-08,,,,
2013-05-09,,,6.0,
2013-05-10,,,6.0,
2013-05-11,,,,
2013-05-12,,,,
2013-05-13,,,2.0,
2013-05-14,,,2.0,
2013-05-15,,,2.0,
2013-05-16,188.0,,2.0,
2013-05-17,,,,
2013-05-18,,,,
2013-05-19,,,,
2013-05-20,,,,
2013-05-21,,,2.0,
2013-05-22,,,2.0,
2013-05-23,188.0,,2.0,
2013-05-24,,,,
2013-05-25,,,,
2013-05-26,,,,
2013-05-27,188.0,,,
2013-05-28,,,2.0,
2013-05-29,,,2.0,
2013-05-30,188.0,,2.0,
2013-05-31,,,2.0,
2013-06-01,,,,
2013-06-02,,,,
2013-06-03,188.0,,2.0,
2013-06-04,,,1.0,
2013-06-05,,,1.0,
2013-06-06,198.0,,1.0,
2013-06-07,198.0,,1.0,
2013-06-08,,,,
2013-06-09,,,,
2013-06-10,,,,
2013-06-11,,,,
2013-06-12,198.0,,1.0,
2013-06-13,198.0,,,
2013-06-14,,,,
2013-06-15,,,,
2013-06-16,,,,
2013-06-17,,,1.0,
2013-06-18,,,,
2013-06-19,,,,
2013-06-20,198.0,,,
2013-06-21,198.0,,1.0,
2013-06-22,,,,
2013-06-23,,,,
2013-06-24,,,,
2013-06-25,,,,
2013-06-26,198.0,,,
2013-06-27,,,,
2013-06-28,,,,
2013-06-29,,,,
2013-06-30,,,,
2013-07-01,,,1.0,
2013-07-02,,,,
2013-07-03,,,,
2013-07-04,,,,
2013-07-05,,,,
2013-07-06,,,,
2013-07-07,,,,
2013-07-08,,,,
2013-07-09,,,,
2013-07-10,,,,
2013-07-11,,,,
2013-07-12,,,,
2013-07-13,,,,
2013-07-14,,,,
2013-07-15,,,,
2013-07-16,,,,
2013-07-17,,,,
2013-07-18,,,,
2013-07-19,186.0,,,
2013-07-20,,,,
2013-07-21,,,,
2013-07-22,,,,
2013-07-23,,,,
2013-07-24,,,,
2013-07-25,186.0,,,
2013-07-26,186.0,,,
2013-07-27,,,,
2013-07-28,,,,
2013-07-29,186.0,,,
2013-07-30,,,1.0,
2013-07-31,,,1.0,
2013-08-01,,,,
2013-08-02,,,,
2013-08-03,,,,
2013-08-04,,,,
2013-08-05,208.0,,,
2013-08-06,208.0,,,
2013-08-07,208.0,,,
2013-08-08,,,,
2013-08-09,,,,
2013-08-10,,,,
2013-08-11,,,,
2013-08-12,,,,
2013-08-13,,,,
2013-08-14,,,,
2013-08-15,208.0,,,
2013-08-16,208.0,,,
2013-08-17,,,,
2013-08-18,,,,
2013-08-19,,,,
2013-08-20,,,,
2013-08-21,208.0,,,
2013-08-22,,,,
2013-08-23,,,,
2013-08-24,,,,
2013-08-25,,,,
2013-08-26,,,,
2013-08-27,,,,
2013-08-28,208.0,,,
2013-08-29,,,,
2013-08-30,208.0,,,
2013-08-31,,,,
2013-09-01,,,,
2013-09-02,,,,
2013-09-03,,,,
2013-09-04,,,,
2013-09-05,,,,
2013-09-06,176.0,,,
2013-09-07,,,,
2013-09-08,,,,
2013-09-09,,,,
2013-09-10,,,,
2013-09-11,,,,
2013-09-12,176.0,,1.0,
2013-09-13,,,,
2013-09-14,,,,
2013-09-15,,,,
2013-09-16,,,,
2013-09-17,,,,
2013-09-18,,,,
2013-09-19,,,,
2013-09-20,,,,
2013-09-21,,,,
2013-09-22,,,,
2013-09-23,,,,
2013-09-24,176.0,,,
2013-09-25,176.0,,,
2013-09-26,176.0,,,
2013-09-27,,,,
2013-09-28,,,,
2013-09-29,,,,
2013-09-30,176.0,,,
2013-10-01,,,1.0,
2013-10-02,131.0,,1.0,
2013-10-03,,,,
2013-10-04,131.0,,1.0,
2013-10-05,,,,
2013-10-06,,,,
2013-10-07,131.0,,1.0,
2013-10-08,131.0,,1.0,
2013-10-09,,,,
2013-10-10,,,,
2013-10-11,,,,
2013-10-12,,,,
2013-10-13,,,,
2013-10-14,,,,
2013-10-15,,,,
2013-10-16,131.0,,,
2013-10-17,,,,
2013-10-18,,,,
2013-10-19,,,,
2013-10-20,,,,
2013-10-21,,,,
2013-10-22,,,,
2013-10-23,,,,
2013-10-24,131.0,,1.0,
2013-10-25,131.0,,,
2013-10-26,,,,
2013-10-27,,,,
2013-10-28,,,1.0,
2013-10-29,,,,
2013-10-30,,,,
2013-10-31,,,1.0,
2013-11-01,131.0,,,
2013-11-02,,,,
2013-11-03,,,,
2013-11-04,,,,
2013-11-05,118.0,,1.0,
2013-11-06,,,1.0,
2013-11-07,118.0,,1.0,
2013-11-08,118.0,,,
2013-11-09,,,,
2013-11-10,,,,
2013-11-11,,,,
2013-11-12,,,,
2013-11-13,,,,
2013-11-14,,,,
2013-11-15,,,,
2013-11-16,,,,
2013-11-17,,,,
2013-11-18,,,,
2013-11-19,,,1.0,
2013-11-20,,,1.0,
2013-11-21,,,1.0,
2013-11-22,,,,
2013-11-23,,,,
2013-11-24,,,,
2013-11-25,,,,
2013-11-26,,,,
2013-11-27,,,,
2013-11-28,,,,
2013-11-29,,,,
2013-11-30,,,,
2013-12-01,,,,
2013-12-02,,,,
2013-12-03,,,,
2013-12-04,208.0,,1.0,
2013-12-05,,,1.0,
2013-12-06,,,1.0,
2013-12-07,,,,
2013-12-08,,,,
2013-12-09,,,,
2013-12-10,,,,
2013-12-11,208.0,,,
2013-12-12,208.0,,1.0,
2013-12-13,208.0,,,
2013-12-14,,,,
2013-12-15,,,,
2013-12-16,208.0,,1.0,
2013-12-17,,,,
2013-12-18,,,,
2013-12-19,,,,
2013-12-20,208.0,,,
2013-12-21,,,,
2013-12-22,,,,
2013-12-23,,,,
2013-12-24,,,,
2013-12-25,208.0,,,
2013-12-26,,,,
2013-12-27,,,,
2013-12-28,,,,
2013-12-29,,,,
2013-12-30,,,,
2013-12-31,,,,
2014-01-01,,,,
2014-01-02,,,,
2014-01-03,,,,
2014-01-04,,,,
2014-01-05,,,,
2014-01-06,208.0,,,
2014-01-07,128.0,,3.0,
2014-01-08,,,3.0,
2014-01-09,128.0,,3.0,
2014-01-10,128.0,,,
2014-01-11,,,,
2014-01-12,,,,
2014-01-13,,,,
2014-01-14,128.0,,3.0,
2014-01-15,,,,
2014-01-16,,,,
2014-01-17,,,,
2014-01-18,,,,
2014-01-19,,,,
2014-01-20,,,,
2014-01-21,,,,
2014-01-22,,,,
2014-01-23,,,,
2014-01-24,128.0,,3.0,
2014-01-25,,,,
2014-01-26,,,,
2014-01-27,128.0,,3.0,
2014-01-28,,,,
2014-01-29,,,,
2014-01-30,128.0,,3.0,
2014-01-31,,,,
2014-02-01,,,,
2014-02-02,,,,
2014-02-03,128.0,,3.0,
2014-02-04,123.0,,3.0,
2014-02-05,,,,
2014-02-06,,,,
2014-02-07,,,,
2014-02-08,,,,
2014-02-09,,,,
2014-02-10,,,,
2014-02-11,,,,
2014-02-12,,,,
2014-02-13,123.0,,3.0,
2014-02-14,123.0,,,
2014-02-15,,,,
2014-02-16,,,,
2014-02-17,,,,
2014-02-18,,,,
2014-02-19,123.0,,,
2014-02-20,123.0,,,
2014-02-21,,,,
2014-02-22,,,,
2014-02-23,,,,
2014-02-24,,,,
2014-02-25,,,,
2014-02-26,123.0,,3.0,
2014-02-27,,,3.0,
2014-02-28,123.0,,3.0,
2014-03-01,,,,
2014-03-02,,,,
2014-03-03,123.0,,3.0,
2014-03-04,,,3.0,
2014-03-05,,,3.0,
2014-03-06,,,,
2014-03-07,,,,
2014-03-08,,,,
2014-03-09,,,,
2014-03-10,118.0,,3.0,
2014-03-11,,,3.0,
2014-03-12,118.0,,3.0,
2014-03-13,,,,
2014-03-14,118.0,,3.0,
2014-03-15,,,,
2014-03-16,,,,
2014-03-17,118.0,,,
2014-03-18,,,,
2014-03-19,118.0,,,
2014-03-20,118.0,,3.0,
2014-03-21,,,,
2014-03-22,,,,
2014-03-23,,,,
2014-03-24,,,,
2014-03-25,,,,
2014-03-26,,,,
2014-03-27,118.0,,,
2014-03-28,,,3.0,
2014-03-29,,,,
2014-03-30,,,,
2014-03-31,,,3.0,
2014-04-01,,,,
2014-04-02,,,,
2014-04-03,,,,
2014-04-04,,,3.0,
2014-04-05,,,,
2014-04-06,,,,
2014-04-07,116.0,,,
2014-04-08,116.0,,3.0,
2014-04-09,116.0,,3.0,
2014-04-10,,,,
2014-04-11,116.0,,,
2014-04-12,,,,
2014-04-13,,,,
2014-04-14,,,,
2014-04-15,,,,
2014-04-16,,,,
2014-04-17,,,,
2014-04-18,,,,
2014-04-19,,,,
2014-04-20,,,,
2014-04-21,,,,
2014-04-22,,,,
2014-04-23,,,3.0,
2014-04-24,116.0,,,
2014-04-25,,,3.0,
2014-04-26,,,,
2014-04-27,,,,
2014-04-28,116.0,,3.0,
2014-04-29,,,,
2014-04-30,,,,
2014-05-01,,,,
2014-05-02,,,,
2014-05-03,,,,
2014-05-04,,,,
2014-05-05,,,,
2014-05-06,,,,
2014-05-07,119.0,,,
2014-05-08,,,,
2014-05-09,,,,
2014-05-10,,,,
2014-05-11,,,,
2014-05-12,,,,
2014-05-13,,,,
2014-05-14,,,,
2014-05-15,119.0,,,
2014-05-16,119.0,,,
2014-05-17,,,,
2014-05-18,,,,
2014-05-19,119.0,,,
2014-05-20,,,,
2014-05-21,,,,
2014-05-22,,,,
2014-05-23,,,,
2014-05-24,,,,
2014-05-25,,,,
2014-05-26,,,,
2014-05-27,,,,
2014-05-28,,,,
2014-05-29,,,3.0,
2014-05-30,,,,
2014-05-31,,,,
2014-06-01,,,,
2014-06-02,,,,
2014-06-03,,,,
2014-06-04,,,,
2014-06-05,,,4.0,
2014-06-06,,,,
2014-06-07,,,,
2014-06-08,,,,
2014-06-09,,,,
2014-06-10,,,,
2014-06-11,,,,
2014-06-12,,,,
2014-06-13,130.0,,,
2014-06-14,,,,
2014-06-15,,,,
2014-06-16,,,,
2014-06-17,,,,
2014-06-18,,,,
2014-06-19,,,,
2014-06-20,,,,
2014-06-21,,,,
2014-06-22,,,,
2014-06-23,,,4.0,
2014-06-24,130.0,,,
2014-06-25,,,,
2014-06-26,,,4.0,
2014-06-27,130.0,,,
2014-06-28,,,,
2014-06-29,,,,
2014-06-30,,,,
2014-07-01,,,,
2014-07-02,,,,
2014-07-03,,,,
2014-07-04,,,,
2014-07-05,,,,
2014-07-06,,,,
2014-07-07,,,,
2014-07-08,144.0,,5.0,
2014-07-09,144.0,,,
2014-07-10,144.0,,,
2014-07-11,144.0,,5.0,
2014-07-12,,,,
2014-07-13,,,,
2014-07-14,,,,
2014-07-15,,,,
2014-07-16,,,,
2014-07-17,,,5.0,
2014-07-18,144.0,,,
2014-07-19,,,,
2014-07-20,,,,
2014-07-21,,,,
2014-07-22,,,,
2014-07-23,,,,
2014-07-24,,,,
2014-07-25,,,5.0,
2014-07-26,,,,
2014-07-27,,,,
2014-07-28,,,,
2014-07-29,,,,
2014-07-30,,,,
2014-07-31,,,,
2014-08-01,144.0,,,
2014-08-02,,,,
2014-08-03,,,,
2014-08-04,156.0,,,
2014-08-05,156.0,,,
2014-08-06,156.0,,5.0,
2014-08-07,156.0,,5.0,
2014-08-08,156.0,,5.0,
2014-08-09,,,,
2014-08-10,,,,
2014-08-11,,,,
2014-08-12,,,,
2014-08-13,,,,
2014-08-14,,,,
2014-08-15,,,,
2014-08-16,,,,
2014-08-17,,,,
2014-08-18,,,,
2014-08-19,,,,
2014-08-20,,,,
2014-08-21,,,,
2014-08-22,,,,
2014-08-23,,,,
2014-08-24,,,,
2014-08-25,,,,
2014-08-26,,,,
2014-08-27,,,,
2014-08-28,156.0,,,
2014-08-29,156.0,,5.0,
2014-08-30,,,,
2014-08-31,,,,
2014-09-01,,,5.0,
2014-09-02,,,,
2014-09-03,,,,
2014-09-04,,,,
2014-09-05,,,,
2014-09-06,,,,
2014-09-07,,,,
2014-09-08,,,,
2014-09-09,,,,
2014-09-10,,,,
2014-09-11,,,6.0,
2014-09-12,,,6.0,
2014-09-13,,,,
2014-09-14,,,,
2014-09-15,,,,
2014-09-16,,,6.0,
2014-09-17,,,,
2014-09-18,,,,
2014-09-19,,,6.0,
2014-09-20,,,,
2014-09-21,,,,
2014-09-22,,,,
2014-09-23,,,,
2014-09-24,146.0,,6.0,
2014-09-25,,,,
2014-09-26,146.0,,,
2014-09-27,,,,
2014-09-28,,,,
2014-09-29,,,,
2014-09-30,146.0,,6.0,
2014-10-01,,,,
2014-10-02,147.0,,8.0,
2014-10-03,147.0,,,
2014-10-04,,,,
2014-10-05,,,,
2014-10-06,,,,
2014-10-07,,,8.0,
2014-10-08,147.0,,8.0,
2014-10-09,147.0,,,
2014-10-10,147.0,,8.0,
2014-10-11,,,,
2014-10-12,,,,
2014-10-13,,,,
2014-10-14,147.0,,8.0,
2014-10-15,147.0,,8.0,
2014-10-16,147.0,,8.0,
2014-10-17,147.0,,8.0,
2014-10-18,,,,
2014-10-19,,,,
2014-10-20,,,,
2014-10-21,,,,
2014-10-22,,,,
2014-10-23,,,,
2014-10-24,,,,
2014-10-25,,,,
2014-10-26,,,,
2014-10-27,,,,
2014-10-28,,,,
2014-10-29,,,,
2014-10-30,,,,
2014-10-31,,,,
2014-11-01,,,,
2014-11-02,,,,
2014-11-03,,,,
2014-11-04,,,,
2014-11-05,380.0,,12.0,
2014-11-06,,,12.0,
2014-11-07,,,,
2014-11-08,,,,
2014-11-09,,,,
2014-11-10,380.0,,,
2014-11-11,,,,
2014-11-12,,,,
2014-11-13,,,,
2014-11-14,380.0,,,
2014-11-15,,,,
2014-11-16,,,,
2014-11-17,380.0,,12.0,
2014-11-18,,,,
2014-11-19,,,12.0,
2014-11-20,,,,
2014-11-21,380.0,,,
2014-11-22,,,,
2014-11-23,,,,
2014-11-24,,,,
2014-11-25,,,,
2014-11-26,,,12.0,
2014-11-27,380.0,,,
2014-11-28,,,,
2014-11-29,,,,
2014-11-30,,,,
2014-12-01,,,,
2014-12-02,374.0,,,
2014-12-03,,,,
2014-12-04,,,13.0,
2014-12-05,374.0,,,
2014-12-06,,,,
2014-12-07,,,,
2014-12-08,374.0,,13.0,
2014-12-09,374.0,,,
2014-12-10,,,13.0,
2014-12-11,,,,
2014-12-12,,,,
2014-12-13,,,,
2014-12-14,,,,
2014-12-15,374.0,,,
2014-12-16,374.0,,13.0,
2014-12-17,,,,
2014-12-18,,,,
2014-12-19,,,,
2014-12-20,,,,
2014-12-21,,,,
2014-12-22,,,,
2014-12-23,,,,
2014-12-24,,,,
2014-12-25,,,13.0,
2014-12-26,,,,
2014-12-27,,,,
2014-12-28,,,,
2014-12-29,,,,
2014-12-30,,,,
2014-12-31,,,,
2015-01-01,,,,
2015-01-02,,,,
2015-01-03,,,,
2015-01-04,,,,
2015-01-05,374.0,,,
2015-01-06,341.0,,12.0,
2015-01-07,,,,
2015-01-08,,,,
2015-01-09,,,,
2015-01-10,,,,
2015-01-11,,,,
2015-01-12,,,,
2015-01-13,341.0,,,
2015-01-14,341.0,,,
2015-01-15,,,,
2015-01-16,341.0,,12.0,
2015-01-17,,,,
2015-01-18,,,,
2015-01-19,,,12.0,
2015-01-20,,,,
2015-01-21,341.0,,,
2015-01-22,341.0,,12.0,
2015-01-23,,,,
2015-01-24,,,,
2015-01-25,,,,
2015-01-26,341.0,,12.0,
2015-01-27,,,,
2015-01-28,341.0,,12.0,
2015-01-29,341.0,,12.0,
2015-01-30,,,,
2015-01-31,,,,
2015-02-01,,,,
2015-02-02,341.0,,12.0,
2015-02-03,327.0,,12.0,
2015-02-04,,,,
2015-02-05,327.0,,,
2015-02-06,,,,
2015-02-07,,,,
2015-02-08,,,,
2015-02-09,,,12.0,
2015-02-10,327.0,,12.0,
2015-02-11,,,,
2015-02-12,,,,
2015-02-13,,,,
2015-02-14,,,,
2015-02-15,,,,
2015-02-16,,,12.0,
2015-02-17,,,,
2015-02-18,,,,
2015-02-19,,,12.0,
2015-02-20,,,12.0,
2015-02-21,,,,
2015-02-22,,,,
2015-02-23,,,,
2015-02-24,,,,
2015-02-25,,,12.0,
2015-02-26,,,12.0,
2015-02-27,,,,
2015-02-28,,,,
2015-03-01,,,,
2015-03-02,,,,
2015-03-03,352.0,,,
2015-03-04,352.0,,12.0,
2015-03-05,,,12.0,
2015-03-06,,,,
2015-03-07,,,,
2015-03-08,,,,
2015-03-09,352.0,,12.0,
2015-03-10,,,12.0,
2015-03-11,,,12.0,
2015-03-12,,,,
2015-03-13,,,,
2015-03-14,,,,
2015-03-15,,,,
2015-03-16,,,,
2015-03-17,,,,
2015-03-18,,,,
2015-03-19,352.0,,,
2015-03-20,352.0,,,
2015-03-21,,,,
2015-03-22,,,,
2015-03-23,,,,
2015-03-24,352.0,,,
2015-03-25,,,,
2015-03-26,352.0,,12.0,
2015-03-27,,,12.0,
2015-03-28,,,,
2015-03-29,,,,
2015-03-30,,,,
2015-03-31,,,,
2015-04-01,352.0,,12.0,
2015-04-02,,,12.0,
2015-04-03,,,,
2015-04-04,,,,
2015-04-05,,,,
2015-04-06,365.0,,12.0,
2015-04-07,,,,
2015-04-08,,,,
2015-04-09,,,,
2015-04-10,365.0,,12.0,
2015-04-11,,,,
2015-04-12,,,,
2015-04-13,365.0,,12.0,
2015-04-14,,,,
2015-04-15,,,12.0,
2015-04-16,365.0,,,
2015-04-17,,,12.0,
2015-04-18,,,,
2015-04-19,,,,
2015-04-20,365.0,,12.0,
2015-04-21,,,,
2015-04-22,,,,
2015-04-23,,,,
2015-04-24,365.0,,,
2015-04-25,,,,
2015-04-26,,,,
2015-04-27,,,,
2015-04-28,,,,
2015-04-29,,,,
2015-04-30,365.0,,,
2015-05-01,365.0,,,
2015-05-02,,,,
2015-05-03,,,,
2015-05-04,,,,
2015-05-05,,,,
2015-05-06,,,,
2015-05-07,361.0,,12.0,
2015-05-08,,,,
2015-05-09,,,,
2015-05-10,,,,
2015-05-11,,,,
2015-05-12,361.0,,12.0,
2015-05-13,361.0,,,
2015-05-14,361.0,,12.0,
2015-05-15,,,,
2015-05-16,,,,
2015-05-17,,,,
2015-05-18,,,,
2015-05-19,,,,
2015-05-20,,,,
2015-05-21,,,,
2015-05-22,361.0,,,
2015-05-23,,,,
2015-05-24,,,,
2015-05-25,,,,
2015-05-26,,,,
2015-05-27,,,12.0,
2015-05-28,,,,
2015-05-29,,,,
2015-05-30,,,,
2015-05-31,,,,
2015-06-01,361.0,,,
2015-06-02,,,,
2015-06-03,370.0,,,
2015-06-04,,,13.0,
2015-06-05,370.0,,13.0,
2015-06-06,,,,
2015-06-07,,,,
2015-06-08,370.0,,,
2015-06-09,370.0,,,
2015-06-10,,,13.0,
2015-06-11,,,,
2015-06-12,,,13.0,
2015-06-13,,,,
2015-06-14,,,,
2015-06-15,,,,
2015-06-16,370.0,,,
2015-06-17,370.0,,,
2015-06-18,370.0,,,
2015-06-19,,,,
2015-06-20,,,,
2015-06-21,,,,
2015-06-22,,,,
2015-06-23,,,,
2015-06-24,,,,
2015-06-25,370.0,,,
2015-06-26,370.0,,,
2015-06-27,,,,
2015-06-28,,,,
2015-06-29,370.0,,13.0,
2015-06-30,370.0,,,
2015-07-01,,,13.0,
2015-07-02,,,,
2015-07-03,,,,
2015-07-04,,,,
2015-07-05,,,,
2015-07-06,324.0,,14.0,
2015-07-07,,,14.0,
2015-07-08,324.0,,14.0,
2015-07-09,324.0,,14.0,
2015-07-10,,,,
2015-07-11,,,,
2015-07-12,,,,
2015-07-13,,,,
2015-07-14,,,,
2015-07-15,,,,
2015-07-16,,,,
2015-07-17,,,,
2015-07-18,,,,
2015-07-19,,,,
2015-07-20,,,,
2015-07-21,,,14.0,
2015-07-22,324.0,,14.0,
2015-07-23,,,,
2015-07-24,324.0,,,
2015-07-25,,,,
2015-07-26,,,,
2015-07-27,324.0,,,
2015-07-28,324.0,,14.0,
2015-07-29,324.0,,14.0,
2015-07-30,,,,
2015-07-31,,,,
2015-08-01,,,,
2015-08-02,,,,
2015-08-03,324.0,,,
2015-08-04,,,,
2015-08-05,,,,
2015-08-06,,,13.0,
2015-08-07,337.0,,13.0,
2015-08-08,,,,
2015-08-09,,,,
2015-08-10,,,,
2015-08-11,,,13.0,
2015-08-12,337.0,,13.0,
2015-08-13,337.0,,13.0,
2015-08-14,,,,
2015-08-15,,,,
2015-08-16,,,,
2015-08-17,,,,
2015-08-18,,,,
2015-08-19,337.0,,,
2015-08-20,337.0,,,
2015-08-21,337.0,,13.0,
2015-08-22,,,,
2015-08-23,,,,
2015-08-24,337.0,,13.0,
2015-08-25,,,,
2015-08-26,,,13.0,
2015-08-27,,,,
2015-08-28,,,,
2015-08-29,,,,
2015-08-30,,,,
2015-08-31,337.0,,,
2015-09-01,337.0,,13.0,
2015-09-02,,,13.0,
2015-09-03,,,,
2015-09-04,317.0,,,
2015-09-05,,,,
2015-09-06,,,,
2015-09-07,317.0,,13.0,
2015-09-08,,,,
2015-09-09,,,,
2015-09-10,317.0,,,
2015-09-11,,,,
2015-09-12,,,,
2015-09-13,,,,
2015-09-14,,,,
2015-09-15,,,,
2015-09-16,,,,
2015-09-17,,,,
2015-09-18,317.0,,,
2015-09-19,,,,
2015-09-20,,,,
2015-09-21,,,,
2015-09-22,,,,
2015-09-23,,,,
2015-09-24,317.0,,,
2015-09-25,,,,
2015-09-26,,,,
2015-09-27,,,,
2015-09-28,317.0,,,
2015-09-29,317.0,,13.0,
2015-09-30,,,,
2015-10-01,,,,
2015-10-02,,,,
2015-10-03,,,,
2015-10-04,,,,
2015-10-05,,,12.0,
2015-10-06,,,,
2015-10-07,,,,
2015-10-08,,,,
2015-10-09,,,,
2015-10-10,,,,
2015-10-11,,,,
2015-10-12,,,,
2015-10-13,,,,
2015-10-14,336.0,,,
2015-10-15,,,12.0,
2015-10-16,,,,
2015-10-17,,,,
2015-10-18,,,,
2015-10-19,,,,
2015-10-20,,,,
2015-10-21,,,,
2015-10-22,,,,
2015-10-23,,,,
2015-10-24,,,,
2015-10-25,,,,
2015-10-26,,,,
2015-10-27,,,,
2015-10-28,,,,
2015-10-29,,,,
2015-10-30,,,,
2015-10-31,,,,
2015-11-01,,,,
2015-11-02,336.0,,12.0,
2015-11-03,,,,
2015-11-04,,,14.0,
2015-11-05,,,,
2015-11-06,,,14.0,
2015-11-07,,,,
2015-11-08,,,,
2015-11-09,,,,
2015-11-10,362.0,,14.0,
2015-11-11,,,,
2015-11-12,,,,
2015-11-13,362.0,,,
2015-11-14,,,,
2015-11-15,,,,
2015-11-16,362.0,,15.0,
2015-11-17,,,,
2015-11-18,,,,
2015-11-19,,,,
2015-11-20,362.0,,,
2015-11-21,,,,
2015-11-22,,,,
2015-11-23,,,,
2015-11-24,,,14.0,
2015-11-25,362.0,,,
2015-11-26,,,,
2015-11-27,362.0,,,
2015-11-28,,,,
2015-11-29,,,,
2015-11-30,362.0,,,
2015-12-01,,,,
2015-12-02,,,,
2015-12-03,369.0,,12.0,
2015-12-04,369.0,,12.0,
2015-12-05,,,,
2015-12-06,,,,
2015-12-07,,,,
2015-12-08,369.0,,,
2015-12-09,369.0,,12.0,
2015-12-10,369.0,,12.0,
2015-12-11,,,,
2015-12-12,,,,
2015-12-13,,,,
2015-12-14,369.0,,,
2015-12-15,,,,
2015-12-16,,,,
2015-12-17,,,,
2015-12-18,,,,
2015-12-19,,,,
2015-12-20,,,,
2015-12-21,369.0,,,
2015-12-22,,,,
2015-12-23,,,,
2015-12-24,,,,
2015-12-25,,,,
2015-12-26,,,,
2015-12-27,,,,
2015-12-28,,,,
2015-12-29,,,,
2015-12-30,,,,
2015-12-31,,,,
2016-01-01,,,,
2016-01-02,,,,
2016-01-03,,,,
2016-01-04,369.0,,12.0,
2016-01-05,,,12.0,
2016-01-06,352.0,,,
2016-01-07,352.0,,12.0,
2016-01-08,,,12.0,
2016-01-09,,,,
2016-01-10,,,,
2016-01-11,,,,
2016-01-12,352.0,,12.0,
2016-01-13,,,,
2016-01-14,352.0,,12.0,
2016-01-15,,,,
2016-01-16,,,,
2016-01-17,,,,
2016-01-18,352.0,,12.0,
2016-01-19,352.0,,12.0,
2016-01-20,352.0,,,
2016-01-21,,,,
2016-01-22,,,,
2016-01-23,,,,
2016-01-24,,,,
2016-01-25,,,,
2016-01-26,352.0,,,
2016-01-27,,,,
2016-01-28,,,12.0,
2016-01-29,,,,
2016-01-30,,,,
2016-01-31,,,,
2016-02-01,,,,
2016-02-02,,,12.0,
2016-02-03,330.0,,12.0,
2016-02-04,330.0,,12.0,
2016-02-05,330.0,,,
2016-02-06,,,,
2016-02-07,,,,
2016-02-08,330.0,,,
2016-02-09,330.0,,12.0,
2016-02-10,330.0,,12.0,
2016-02-11,,,,
2016-02-12,330.0,,12.0,
2016-02-13,,,,
2016-02-14,,,,
2016-02-15,,,,
2016-02-16,,,,
2016-02-17,,,,
2016-02-18,,,,
2016-02-19,330.0,,,
2016-02-20,,,,
2016-02-21,,,,
2016-02-22,,,,
2016-02-23,,,,
2016-02-24,,,,
2016-02-25,,,,
2016-02-26,,,,
2016-02-27,,,,
2016-02-28,,,,
2016-02-29,,,,
2016-03-01,,,,
2016-03-02,,,,
2016-03-03,,,,
2016-03-04,,,12.0,
2016-03-05,,,,
2016-03-06,,,,
2016-03-07,,,,
2016-03-08,336.0,,,
2016-03-09,336.0,,,
2016-03-10,,,,
2016-03-11,,,,
2016-03-12,,,,
2016-03-13,,,,
2016-03-14,,,,
2016-03-15,,,,
2016-03-16,,,,
2016-03-17,,,,
2016-03-18,,,,
2016-03-19,,,,
2016-03-20,,,,
2016-03-21,,,,
2016-03-22,,,,
2016-03-23,,,,
2016-03-24,,,,
2016-03-25,,,12.0,
2016-03-26,,,,
2016-03-27,,,,
2016-03-28,,,,
2016-03-29,,,,
2016-03-30,,,,
2016-03-31,,,,
2016-04-01,336.0,,12.0,
2016-04-02,,,,
2016-04-03,,,,
2016-04-04,,12.0,,
2016-04-05,333.0,12.0,,
2016-04-06,,12.0,12.0,
2016-04-07,333.0,12.0,,
2016-04-08,,12.0,12.0,
2016-04-09,,,,
2016-04-10,,,,
2016-04-11,333.0,12.0,12.0,
2016-04-12,,12.0,,
2016-04-13,,12.0,,
2016-04-14,,12.0,,
2016-04-15,333.0,12.0,12.0,
2016-04-16,,,,
2016-04-17,,,,
2016-04-18,333.0,12.0,,
2016-04-19,,12.0,,
2016-04-20,,12.0,,
2016-04-21,,12.0,,
2016-04-22,,12.0,,
2016-04-23,,,,
2016-04-24,,,,
2016-04-25,333.0,12.0,,
2016-04-26,333.0,12.0,,
2016-04-27,333.0,12.0,12.0,
2016-04-28,,12.0,12.0,
2016-04-29,,,,
2016-04-30,,,,
2016-05-01,,,,
2016-05-02,333.0,12.0,12.0,
2016-05-03,,,,
2016-05-04,,,,
2016-05-05,,,,
2016-05-06,348.0,12.0,12.0,
2016-05-07,,,,
2016-05-08,,,,
2016-05-09,,12.0,,
2016-05-10,,12.0,,
2016-05-11,,12.0,12.0,
2016-05-12,348.0,12.0,,
2016-05-13,348.0,12.0,12.0,
2016-05-14,,,,
2016-05-15,,,,
2016-05-16,,12.0,12.0,
2016-05-17,,12.0,,
2016-05-18,,12.0,12.0,
2016-05-19,,12.0,12.0,
2016-05-20,,12.0,12.0,
2016-05-21,,,,
2016-05-22,,,,
2016-05-23,348.0,12.0,12.0,
2016-05-24,348.0,12.0,,
2016-05-25,,12.0,12.0,
2016-05-26,,12.0,12.0,
2016-05-27,,12.0,,
2016-05-28,,,,
2016-05-29,,,,
2016-05-30,,12.0,12.0,
2016-05-31,,12.0,,
2016-06-01,348.0,12.0,,
2016-06-02,350.0,12.0,,
2016-06-03,,12.0,,
2016-06-04,,,,
2016-06-05,,,,
2016-06-06,350.0,12.0,12.0,
2016-06-07,,12.0,,
2016-06-08,350.0,12.0,12.0,
2016-06-09,350.0,12.0,,
2016-06-10,350.0,12.0,12.0,
2016-06-11,,,,
2016-06-12,,,,
2016-06-13,350.0,12.0,,
2016-06-14,350.0,12.0,12.0,
2016-06-15,,12.0,,
2016-06-16,350.0,12.0,,
2016-06-17,,12.0,,
2016-06-18,,,,
2016-06-19,,,,
2016-06-20,,12.0,,
2016-06-21,,12.0,,
2016-06-22,350.0,12.0,,
2016-06-23,,12.0,12.0,
2016-06-24,350.0,12.0,12.0,
2016-06-25,,,,
2016-06-26,,,,
2016-06-27,,12.0,,
2016-06-28,350.0,12.0,,
2016-06-29,,12.0,,
2016-06-30,,12.0,,
2016-07-01,,12.0,,
2016-07-02,,,,
2016-07-03,,,,
2016-07-04,,12.0,,
2016-07-05,336.0,12.0,,
2016-07-06,336.0,12.0,12.0,
2016-07-07,336.0,12.0,12.0,
2016-07-08,336.0,12.0,,
2016-07-09,,,,
2016-07-10,,,,
2016-07-11,,12.0,,
2016-07-12,,12.0,,
2016-07-13,,12.0,,
2016-07-14,,12.0,,
2016-07-15,,12.0,,
2016-07-16,,,,
2016-07-17,,,,
2016-07-18,,,,
2016-07-19,,12.0,,
2016-07-20,336.0,12.0,,
2016-07-21,,12.0,12.0,
2016-07-22,336.0,12.0,,
2016-07-23,,,,
2016-07-24,,,,
2016-07-25,,12.0,12.0,
2016-07-26,336.0,12.0,,
2016-07-27,,12.0,,
2016-07-28,336.0,12.0,,
2016-07-29,,12.0,,
2016-07-30,,,,
2016-07-31,,,,
2016-08-01,,12.0,,
2016-08-02,347.0,12.0,12.0,
2016-08-03,347.0,12.0,12.0,
2016-08-04,707.0,12.0,12.0,
2016-08-05,,12.0,12.0,
2016-08-06,,,,
2016-08-07,,,,
2016-08-08,,12.0,,
2016-08-09,,12.0,,
2016-08-10,707.0,12.0,,
2016-08-11,,,,
2016-08-12,,12.0,,
2016-08-13,,,,
2016-08-14,,,,
2016-08-15,,12.0,,
2016-08-16,,12.0,,
2016-08-17,,12.0,,
2016-08-18,,12.0,12.0,
2016-08-19,,12.0,,
2016-08-20,,,,
2016-08-21,,,,
2016-08-22,,12.0,,
2016-08-23,,12.0,,
2016-08-24,,12.0,,
2016-08-25,707.0,12.0,,
2016-08-26,707.0,12.0,,
2016-08-27,,,,
2016-08-28,,,,
2016-08-29,,12.0,,
2016-08-30,,12.0,,
2016-08-31,,12.0,,
2016-09-01,,12.0,12.0,
2016-09-02,,12.0,,
2016-09-03,,,,
2016-09-04,,,,
2016-09-05,,12.0,,
2016-09-06,,12.0,,
2016-09-07,733.0,12.0,,
2016-09-08,,12.0,,
2016-09-09,733.0,12.0,,
2016-09-10,,,,
2016-09-11,,,,
2016-09-12,733.0,12.0,12.0,
2016-09-13,733.0,12.0,12.0,
2016-09-14,733.0,12.0,,
2016-09-15,733.0,12.0,,
2016-09-16,,12.0,12.0,
2016-09-17,,,,
2016-09-18,,,,
2016-09-19,,,,
2016-09-20,,12.0,,
2016-09-21,733.0,12.0,,
2016-09-22,,,,
2016-09-23,,12.0,,
2016-09-24,,,,
2016-09-25,,,,
2016-09-26,733.0,12.0,,
2016-09-27,733.0,12.0,,
2016-09-28,733.0,12.0,,
2016-09-29,,12.0,,
2016-09-30,733.0,12.0,,
2016-10-01,,,,
2016-10-02,,,,
2016-10-03,,12.0,12.0,
2016-10-04,,12.0,,
2016-10-05,,12.0,12.0,
2016-10-06,,12.0,12.0,
2016-10-07,,12.0,,
2016-10-08,,,,
2016-10-09,,,,
2016-10-10,,,,
2016-10-11,,12.0,,
2016-10-12,,12.0,,
2016-10-13,,12.0,,
2016-10-14,707.0,12.0,,
2016-10-15,,,,
2016-10-16,,,,
2016-10-17,,12.0,,
2016-10-18,,12.0,,
2016-10-19,,12.0,,
2016-10-20,,12.0,,
2016-10-21,,12.0,,
2016-10-22,,,,
2016-10-23,,,,
2016-10-24,707.0,12.0,,
2016-10-25,,12.0,12.0,
2016-10-26,707.0,12.0,,
2016-10-27,,12.0,12.0,
2016-10-28,,12.0,12.0,
2016-10-29,,,,
2016-10-30,,,,
2016-10-31,707.0,12.0,,
2016-11-01,707.0,12.0,12.0,
2016-11-02,706.0,12.0,13.0,
2016-11-03,,,,
2016-11-04,706.0,12.0,13.0,
2016-11-05,,,,
2016-11-06,,,,
2016-11-07,,12.0,,
2016-11-08,,12.0,,
2016-11-09,706.0,12.0,13.0,
2016-11-10,,12.0,,
2016-11-11,,12.0,13.0,
2016-11-12,,,,
2016-11-13,,,,
2016-11-14,,12.0,13.0,
2016-11-15,,12.0,,
2016-11-16,,12.0,13.0,
2016-11-17,,12.0,,
2016-11-18,,12.0,,
2016-11-19,,,,
2016-11-20,,,,
2016-11-21,,12.0,,
2016-11-22,,12.0,13.0,
2016-11-23,,,,
2016-11-24,,12.0,,
2016-11-25,,12.0,,
2016-11-26,,,,
2016-11-27,,,,
2016-11-28,706.0,12.0,,
2016-11-29,,12.0,,
2016-11-30,,12.0,,
2016-12-01,,12.0,,
2016-12-02,742.0,12.0,,
2016-12-03,,,,
2016-12-04,,,,
2016-12-05,742.0,12.0,,
2016-12-06,,12.0,,
2016-12-07,,12.0,,
2016-12-08,,12.0,,
2016-12-09,,12.0,,
2016-12-10,,,,
2016-12-11,,,,
2016-12-12,,12.0,,
2016-12-13,742.0,12.0,,
2016-12-14,742.0,12.0,,
2016-12-15,,12.0,13.0,
2016-12-16,,12.0,,
2016-12-17,,,,
2016-12-18,,,,
2016-12-19,742.0,12.0,,
2016-12-20,742.0,12.0,,
2016-12-21,,12.0,13.0,
2016-12-22,742.0,12.0,13.0,
2016-12-23,,,,
2016-12-24,,,,
2016-12-25,,,,
2016-12-26,742.0,12.0,,
2016-12-27,,12.0,,
2016-12-28,,12.0,13.0,
2016-12-29,742.0,12.0,,
2016-12-30,742.0,12.0,,
2016-12-31,,,,
2017-01-01,,,,
2017-01-02,,,,
2017-01-03,,,,
2017-01-04,,12.0,13.0,
2017-01-05,,12.0,,
2017-01-06,703.0,12.0,,
2017-01-07,,,,
2017-01-08,,,,
2017-01-09,,,,
2017-01-10,,12.0,,
2017-01-11,,12.0,,
2017-01-12,703.0,12.0,12.0,
2017-01-13,,12.0,,
2017-01-14,,,,
2017-01-15,,,,
2017-01-16,703.0,12.0,12.0,
2017-01-17,703.0,12.0,,
2017-01-18,703.0,12.0,,
2017-01-19,,12.0,,
2017-01-20,,12.0,,
2017-01-21,,,,
2017-01-22,,,,
2017-01-23,703.0,12.0,,
2017-01-24,,12.0,,
2017-01-25,,12.0,,
2017-01-26,,12.0,,
2017-01-27,,12.0,,
2017-01-28,,,,
2017-01-29,,,,
2017-01-30,703.0,12.0,,
2017-01-31,703.0,12.0,,
2017-02-01,703.0,12.0,,
2017-02-02,,12.0,12.0,
2017-02-03,,12.0,12.0,
2017-02-04,,,,
2017-02-05,,,,
2017-02-06,,12.0,12.0,
2017-02-07,704.0,12.0,,
2017-02-08,,12.0,,
2017-02-09,,12.0,,
2017-02-10,,12.0,,
2017-02-11,,,,
2017-02-12,,,,
2017-02-13,,12.0,,
2017-02-14,,12.0,,
2017-02-15,,12.0,,
2017-02-16,704.0,12.0,12.0,
2017-02-17,704.0,12.0,,
2017-02-18,,,,
2017-02-19,,,,
2017-02-20,704.0,12.0,,
2017-02-21,,12.0,,
2017-02-22,,12.0,,
2017-02-23,704.0,12.0,,
2017-02-24,,12.0,,
2017-02-25,,,,
2017-02-26,,,,
2017-02-27,704.0,12.0,12.0,
2017-02-28,,12.0,,
2017-03-01,,12.0,12.0,
2017-03-02,,12.0,12.0,
2017-03-03,,12.0,12.0,
2017-03-04,,,,
2017-03-05,,,,
2017-03-06,,12.0,,
2017-03-07,,12.0,,
2017-03-08,724.0,12.0,,
2017-03-09,,12.0,12.0,
2017-03-10,,12.0,12.0,
2017-03-11,,,,
2017-03-12,,,,
2017-03-13,,12.0,,
2017-03-14,,12.0,12.0,
2017-03-15,724.0,12.0,,
2017-03-16,724.0,12.0,,
2017-03-17,724.0,12.0,,
2017-03-18,,,,
2017-03-19,,,,
2017-03-20,,,,
2017-03-21,,12.0,,
2017-03-22,724.0,12.0,,
2017-03-23,724.0,12.0,12.0,
2017-03-24,,12.0,,
2017-03-25,,,,
2017-03-26,,,,
2017-03-27,724.0,12.0,12.0,
2017-03-28,,12.0,,
2017-03-29,,12.0,12.0,
2017-03-30,,12.0,,
2017-03-31,,12.0,12.0,
2017-04-01,,,,
2017-04-02,,,,
2017-04-03,,12.0,12.0,
2017-04-04,725.0,12.0,,
2017-04-05,,12.0,,
2017-04-06,725.0,12.0,12.0,
2017-04-07,,12.0,12.0,
2017-04-08,,,,
2017-04-09,,,,
2017-04-10,,12.0,12.0,
2017-04-11,725.0,12.0,,
2017-04-12,725.0,12.0,,
2017-04-13,725.0,12.0,,
2017-04-14,725.0,12.0,12.0,
2017-04-15,,,,
2017-04-16,,,,
2017-04-17,725.0,12.0,,
2017-04-18,,12.0,,
2017-04-19,,12.0,,
2017-04-20,,12.0,,
2017-04-21,,12.0,12.0,
2017-04-22,,,,
2017-04-23,,,,
2017-04-24,,12.0,,
2017-04-25,,12.0,12.0,
2017-04-26,,12.0,,
2017-04-27,,12.0,,
2017-04-28,,12.0,12.0,
2017-04-29,,,,
2017-04-30,,,,
2017-05-01,,12.0,,
2017-05-02,,12.0,,
2017-05-03,,,,
2017-05-04,,,,
2017-05-05,,,,
2017-05-06,,,,
2017-05-07,,,,
2017-05-08,,12.0,,
2017-05-09,,12.0,,
2017-05-10,,12.0,,
2017-05-11,,12.0,,
2017-05-12,727.0,12.0,,
2017-05-13,,,,
2017-05-14,,,,
2017-05-15,,12.0,,
2017-05-16,,12.0,12.0,
2017-05-17,727.0,12.0,,
2017-05-18,727.0,12.0,,
2017-05-19,727.0,12.0,12.0,
2017-05-20,,,,
2017-05-21,,,,
2017-05-22,,12.0,12.0,
2017-05-23,,12.0,,
2017-05-24,,12.0,12.0,
2017-05-25,,12.0,,
2017-05-26,,12.0,,
2017-05-27,,,,
2017-05-28,,,,
2017-05-29,,12.0,,
2017-05-30,727.0,12.0,,
2017-05-31,,12.0,12.0,
2017-06-01,,12.0,,
2017-06-02,,12.0,,
2017-06-03,,,,
2017-06-04,,,,
2017-06-05,,12.0,,
2017-06-06,728.0,12.0,,
2017-06-07,728.0,12.0,,
2017-06-08,,12.0,,
2017-06-09,,12.0,,
2017-06-10,,,,
2017-06-11,,,,
2017-06-12,,12.0,,
2017-06-13,,12.0,,
2017-06-14,,12.0,,
2017-06-15,728.0,12.0,,
2017-06-16,,12.0,,
2017-06-17,,,,
2017-06-18,,,,
2017-06-19,,12.0,12.0,
2017-06-20,,12.0,12.0,
2017-06-21,,12.0,,
2017-06-22,,12.0,12.0,
2017-06-23,728.0,12.0,12.0,
2017-06-24,,,,
2017-06-25,,,,
2017-06-26,,12.0,12.0,
2017-06-27,,12.0,12.0,
2017-06-28,,12.0,12.0,
2017-06-29,,12.0,,
2017-06-30,728.0,12.0,12.0,
2017-07-01,,,,
2017-07-02,,,,
2017-07-03,,12.0,,
2017-07-04,,12.0,,
2017-07-05,707.0,12.0,12.0,
2017-07-06,,12.0,,
2017-07-07,,12.0,12.0,
2017-07-08,,,,
2017-07-09,,,,
2017-07-10,,12.0,,
2017-07-11,,12.0,12.0,
2017-07-12,707.0,12.0,12.0,
2017-07-13,,12.0,,
2017-07-14,,12.0,12.0,
2017-07-15,,,,
2017-07-16,,,,
2017-07-17,,,,
2017-07-18,707.0,12.0,,
2017-07-19,,12.0,,
2017-07-20,,12.0,,
2017-07-21,707.0,12.0,12.0,
2017-07-22,,,,
2017-07-23,,,,
2017-07-24,707.0,12.0,,
2017-07-25,707.0,12.0,,
2017-07-26,,12.0,,
2017-07-27,,12.0,,
2017-07-28,,12.0,,
2017-07-29,,,,
2017-07-30,,,,
2017-07-31,,12.0,,
2017-08-01,,12.0,,
2017-08-02,,12.0,,
2017-08-03,733.0,12.0,,
2017-08-04,733.0,12.0,,
2017-08-05,,,,
2017-08-06,,,,
2017-08-07,,12.0,,
2017-08-08,733.0,12.0,,
2017-08-09,733.0,12.0,12.0,
2017-08-10,733.0,12.0,12.0,
2017-08-11,,,,
2017-08-12,,,,
2017-08-13,,,,
2017-08-14,733.0,12.0,12.0,
2017-08-15,,12.0,12.0,
2017-08-16,,12.0,,
2017-08-17,,12.0,,
2017-08-18,733.0,12.0,,
2017-08-19,,,,
2017-08-20,,,,
2017-08-21,733.0,12.0,12.0,
2017-08-22,,12.0,,
2017-08-23,,12.0,,
2017-08-24,,12.0,,
2017-08-25,,12.0,12.0,
2017-08-26,,,,
2017-08-27,,,,
2017-08-28,,12.0,,
2017-08-29,733.0,12.0,12.0,
2017-08-30,,12.0,,
2017-08-31,,12.0,,
2017-09-01,,12.0,,
2017-09-02,,,,
2017-09-03,,,,
2017-09-04,739.0,12.0,12.0,
2017-09-05,739.0,12.0,12.0,
2017-09-06,739.0,12.0,12.0,
2017-09-07,,12.0,,
2017-09-08,,12.0,,
2017-09-09,,,,
2017-09-10,,,,
2017-09-11,,12.0,12.0,
2017-09-12,,12.0,,
2017-09-13,,12.0,12.0,
2017-09-14,,12.0,,
2017-09-15,,12.0,,
2017-09-16,,,,
2017-09-17,,,,
2017-09-18,,,,
2017-09-19,,12.0,,
2017-09-20,,12.0,,
2017-09-21,,12.0,,
2017-09-22,739.0,12.0,,
2017-09-23,,,,
2017-09-24,,,,
2017-09-25,,12.0,12.0,
2017-09-26,,12.0,12.0,
2017-09-27,739.0,12.0,12.0,
2017-09-28,,12.0,12.0,
2017-09-29,739.0,12.0,,
2017-09-30,,,,
2017-10-01,,,,
2017-10-02,,12.0,12.0,
2017-10-03,,12.0,,
2017-10-04,,12.0,,
2017-10-05,,12.0,,
2017-10-06,,12.0,,
2017-10-07,,,,
2017-10-08,,,,
2017-10-09,,,,
2017-10-10,,12.0,,
2017-10-11,,12.0,,
2017-10-12,,12.0,,
2017-10-13,,12.0,13.0,
2017-10-14,,,,
2017-10-15,,,,
2017-10-16,,12.0,13.0,
2017-10-17,,12.0,,
2017-10-18,,12.0,13.0,
2017-10-19,,12.0,,
2017-10-20,,12.0,13.0,
2017-10-21,,,,
2017-10-22,,,,
2017-10-23,,12.0,13.0,
2017-10-24,,12.0,13.0,
2017-10-25,,12.0,13.0,
2017-10-26,,12.0,,
2017-10-27,,12.0,13.0,
2017-10-28,,,,
2017-10-29,,,,
2017-10-30,709.0,12.0,13.0,
2017-10-31,709.0,12.0,,
2017-11-01,,12.0,,
2017-11-02,,12.0,,
2017-11-03,,,,
2017-11-04,,,,
2017-11-05,,,,
2017-11-06,,12.0,,
2017-11-07,,12.0,,
2017-11-08,717.0,12.0,,
2017-11-09,,12.0,,
2017-11-10,717.0,12.0,,
2017-11-11,,,,
2017-11-12,,,,
2017-11-13,717.0,12.0,,
2017-11-14,717.0,12.0,,
2017-11-15,717.0,12.0,,
2017-11-16,,12.0,,
2017-11-17,,12.0,,
2017-11-18,,,,
2017-11-19,,,,
2017-11-20,717.0,12.0,,
2017-11-21,,12.0,,
2017-11-22,,12.0,,
2017-11-23,,,,
2017-11-24,717.0,12.0,,
2017-11-25,,,,
2017-11-26,,,,
2017-11-27,,12.0,,
2017-11-28,,12.0,,
2017-11-29,,12.0,,
2017-11-30,717.0,12.0,,
2017-12-01,717.0,12.0,,
2017-12-02,,,,
2017-12-03,,,,
2017-12-04,,12.0,,
2017-12-05,708.0,12.0,,
2017-12-06,708.0,12.0,,
2017-12-07,,12.0,,
2017-12-08,,12.0,,
2017-12-09,,,,
2017-12-10,,,,
2017-12-11,708.0,12.0,,
2017-12-12,,12.0,,
2017-12-13,,12.0,,
2017-12-14,708.0,12.0,,
2017-12-15,708.0,12.0,,
2017-12-16,,,,
2017-12-17,,,,
2017-12-18,,12.0,12.0,
2017-12-19,,12.0,12.0,
2017-12-20,,12.0,12.0,
2017-12-21,708.0,12.0,,
2017-12-22,,12.0,,
2017-12-23,,,,
2017-12-24,,,,
2017-12-25,708.0,12.0,,
2017-12-26,,12.0,,
2017-12-27,,12.0,,
2017-12-28,,12.0,,
2017-12-29,,12.0,,
2017-12-30,,,,
2017-12-31,,,,
2018-01-01,,,,
2018-01-02,,,,
2018-01-03,,,,
2018-01-04,,12.0,,
2018-01-05,,12.0,,
2018-01-06,,,,
2018-01-07,,,,
2018-01-08,,,,
2018-01-09,,12.0,,
2018-01-10,,12.0,,
2018-01-11,735.0,12.0,,
2018-01-12,735.0,12.0,,
2018-01-13,,,,
2018-01-14,,,,
2018-01-15,,12.0,,
2018-01-16,,12.0,,
2018-01-17,735.0,12.0,,
2018-01-18,,12.0,,
2018-01-19,,12.0,12.0,
2018-01-20,,,,
2018-01-21,,,,
2018-01-22,,12.0,,
2018-01-23,,12.0,,
2018-01-24,735.0,12.0,,
2018-01-25,735.0,12.0,12.0,
2018-01-26,,12.0,,
2018-01-27,,,,
2018-01-28,,,,
2018-01-29,,12.0,12.0,
2018-01-30,735.0,12.0,,
2018-01-31,,12.0,12.0,
2018-02-01,,12.0,12.0,
2018-02-02,731.0,12.0,,
2018-02-03,,,,
2018-02-04,,,,
2018-02-05,731.0,12.0,12.0,
2018-02-06,731.0,12.0,12.0,
2018-02-07,,12.0,,
2018-02-08,,12.0,,
2018-02-09,731.0,12.0,12.0,
2018-02-10,,,,
2018-02-11,,,,
2018-02-12,,,,
2018-02-13,,12.0,,
2018-02-14,731.0,12.0,12.0,
2018-02-15,,12.0,12.0,
2018-02-16,,12.0,,
2018-02-17,,,,
2018-02-18,,,,
2018-02-19,,12.0,,
2018-02-20,731.0,12.0,,
2018-02-21,,12.0,,
2018-02-22,731.0,12.0,,
2018-02-23,,12.0,,
2018-02-24,,,,
2018-02-25,,,,
2018-02-26,,12.0,,
2018-02-27,,12.0,12.0,
2018-02-28,731.0,12.0,12.0,
2018-03-01,731.0,12.0,12.0,
2018-03-02,735.0,12.0,12.0,
2018-03-03,,,,
2018-03-04,,,,
2018-03-05,735.0,12.0,12.0,
2018-03-06,,12.0,,
2018-03-07,,12.0,,
2018-03-08,,12.0,,
2018-03-09,,12.0,12.0,
2018-03-10,,,,
2018-03-11,,,,
2018-03-12,,12.0,,
2018-03-13,,12.0,,
2018-03-14,735.0,12.0,,
2018-03-15,735.0,12.0,,
2018-03-16,,12.0,,
2018-03-17,,,,
2018-03-18,,,,
2018-03-19,735.0,12.0,12.0,
2018-03-20,735.0,12.0,,
2018-03-21,,,,
2018-03-22,735.0,12.0,,
2018-03-23,735.0,12.0,12.0,
2018-03-24,,,,
2018-03-25,,,,
2018-03-26,735.0,12.0,12.0,
2018-03-27,,12.0,,
2018-03-28,735.0,12.0,,
2018-03-29,,12.0,,
2018-03-30,,12.0,,
2018-03-31,,,,
2018-04-01,,,,
2018-04-02,,12.0,,
2018-04-03,714.0,12.0,,
2018-04-04,714.0,12.0,,
2018-04-05,,12.0,,
2018-04-06,,12.0,12.0,
2018-04-07,,,,
2018-04-08,,,,
2018-04-09,,12.0,,
2018-04-10,,12.0,,
2018-04-11,,12.0,12.0,
2018-04-12,,12.0,,
2018-04-13,,12.0,,
2018-04-14,,,,
2018-04-15,,,,
2018-04-16,,12.0,,
2018-04-17,,12.0,,
2018-04-18,,12.0,,
2018-04-19,,12.0,,
2018-04-20,,12.0,,
2018-04-21,,,,
2018-04-22,,,,
2018-04-23,,12.0,,
2018-04-24,,12.0,,
2018-04-25,714.0,12.0,,
2018-04-26,,12.0,,
2018-04-27,,12.0,,
2018-04-28,,,,
2018-04-29,,,,
2018-04-30,,,,
2018-05-01,,12.0,,
2018-05-02,,12.0,,
2018-05-03,,,,
2018-05-04,,,,
2018-05-05,,,,
2018-05-06,,,,
2018-05-07,720.0,12.0,,
2018-05-08,,12.0,,
2018-05-09,720.0,12.0,,
2018-05-10,,12.0,,
2018-05-11,,12.0,,
2018-05-12,,,,
2018-05-13,,,,
2018-05-14,,12.0,,
2018-05-15,,12.0,12.0,
2018-05-16,,12.0,12.0,
2018-05-17,,12.0,,
2018-05-18,,12.0,,
2018-05-19,,,,
2018-05-20,,,,
2018-05-21,,12.0,12.0,
2018-05-22,,12.0,,
2018-05-23,720.0,12.0,12.0,
2018-05-24,720.0,12.0,,
2018-05-25,720.0,12.0,12.0,
2018-05-26,,,,
2018-05-27,,,,
2018-05-28,720.0,12.0,,
2018-05-29,720.0,12.0,12.0,
2018-05-30,720.0,12.0,12.0,
2018-05-31,,12.0,12.0,
2018-06-01,,12.0,,
2018-06-02,,,,
2018-06-03,,,,
2018-06-04,,12.0,,
2018-06-05,,12.0,,
2018-06-06,,12.0,,
2018-06-07,,12.0,,
2018-06-08,,12.0,,
2018-06-09,,,,
2018-06-10,,,,
2018-06-11,,12.0,,
2018-06-12,,12.0,,
2018-06-13,,12.0,,
2018-06-14,703.0,12.0,,
2018-06-15,,12.0,,
2018-06-16,,,,
2018-06-17,,,,
2018-06-18,703.0,12.0,,
2018-06-19,703.0,12.0,,
2018-06-20,703.0,12.0,,
2018-06-21,,12.0,,
2018-06-22,703.0,12.0,,
2018-06-23,,,,
2018-06-24,,,,
2018-06-25,703.0,12.0,,
2018-06-26,703.0,12.0,,
2018-06-27,703.0,12.0,12.0,
2018-06-28,703.0,12.0,12.0,
2018-06-29,703.0,12.0,,
2018-06-30,,,,
2018-07-01,,,,
2018-07-02,,12.0,,
2018-07-03,,12.0,,
2018-07-04,705.0,12.0,12.0,
2018-07-05,,12.0,,
2018-07-06,,12.0,,
2018-07-07,,,,
2018-07-08,,,,
2018-07-09,,12.0,,
2018-07-10,,12.0,,
2018-07-11,705.0,12.0,,
2018-07-12,,12.0,,
2018-07-13,,12.0,,
2018-07-14,,,,
2018-07-15,,,,
2018-07-16,,,,
2018-07-17,,12.0,,
2018-07-18,,12.0,,
2018-07-19,,12.0,,
2018-07-20,,12.0,,
2018-07-21,,,,
2018-07-22,,,,
2018-07-23,,12.0,12.0,
2018-07-24,,12.0,12.0,
2018-07-25,,12.0,,
2018-07-26,,12.0,12.0,
2018-07-27,,12.0,,
2018-07-28,,,,
2018-07-29,,,,
2018-07-30,,12.0,,
2018-07-31,705.0,12.0,,
2018-08-01,,12.0,12.0,
2018-08-02,,12.0,,
2018-08-03,,12.0,,
2018-08-04,,,,
2018-08-05,,,,
2018-08-06,,12.0,,
2018-08-07,,12.0,,
2018-08-08,,12.0,,
2018-08-09,,12.0,,
2018-08-10,703.0,12.0,,
2018-08-11,,,,
2018-08-12,,,,
2018-08-13,703.0,12.0,,
2018-08-14,,12.0,12.0,
2018-08-15,,12.0,,
2018-08-16,,12.0,,
2018-08-17,,12.0,,
2018-08-18,,,,
2018-08-19,,,,
2018-08-20,,12.0,,
2018-08-21,,12.0,,
2018-08-22,,12.0,,
2018-08-23,,12.0,,
2018-08-24,,12.0,,
2018-08-25,,,,
2018-08-26,,,,
2018-08-27,,12.0,,
2018-08-28,,12.0,,
2018-08-29,,12.0,,
2018-08-30,,12.0,,
2018-08-31,,12.0,,
2018-09-01,,,,
2018-09-02,,,,
2018-09-03,703.0,12.0,,
2018-09-04,,12.0,,
2018-09-05,703.0,12.0,,
2018-09-06,703.0,12.0,,
2018-09-07,703.0,12.0,,
2018-09-08,,,,
2018-09-09,,,,
2018-09-10,,12.0,,
2018-09-11,,12.0,,
2018-09-12,703.0,12.0,,
2018-09-13,,12.0,,
2018-09-14,,12.0,,
2018-09-15,,,,
2018-09-16,,,,
2018-09-17,,,,
2018-09-18,,12.0,,
2018-09-19,,12.0,,
2018-09-20,,12.0,,
2018-09-21,,12.0,,
2018-09-22,,,,
2018-09-23,,,,
2018-09-24,,,,
2018-09-25,,12.0,,
2018-09-26,703.0,12.0,,
2018-09-27,,12.0,,
2018-09-28,,12.0,,
2018-09-29,,,,
2018-09-30,,,,
2018-10-01,,12.0,,
2018-10-02,,12.0,,
2018-10-03,,12.0,,
2018-10-04,,12.0,,
2018-10-05,703.0,12.0,12.0,
2018-10-06,,,,
2018-10-07,,,,
2018-10-08,,,,
2018-10-09,703.0,12.0,,
2018-10-10,703.0,12.0,,
2018-10-11,703.0,12.0,12.0,
2018-10-12,703.0,12.0,,
2018-10-13,,,,
2018-10-14,,,,
2018-10-15,703.0,12.0,,
2018-10-16,,12.0,,
2018-10-17,,12.0,,
2018-10-18,,12.0,,
2018-10-19,703.0,12.0,12.0,
2018-10-20,,,,
2018-10-21,,,,
2018-10-22,703.0,12.0,,
2018-10-23,703.0,12.0,,
2018-10-24,703.0,12.0,,
2018-10-25,703.0,12.0,,
2018-10-26,,12.0,,
2018-10-27,,,,
2018-10-28,,,,
2018-10-29,703.0,12.0,,
2018-10-30,,12.0,,
2018-10-31,,12.0,,
2018-11-01,703.0,12.0,,
2018-11-02,,12.0,,
2018-11-03,,,,
2018-11-04,,,,
2018-11-05,703.0,12.0,,
2018-11-06,,12.0,,
2018-11-07,,12.0,,
2018-11-08,,12.0,,
2018-11-09,,12.0,,
2018-11-10,,,,
2018-11-11,,,,
2018-11-12,,12.0,,
2018-11-13,703.0,12.0,,
2018-11-14,,12.0,,
2018-11-15,,12.0,,
2018-11-16,703.0,12.0,12.0,
2018-11-17,,,,
2018-11-18,,,,
2018-11-19,,12.0,,
2018-11-20,703.0,12.0,,
2018-11-21,703.0,12.0,,
2018-11-22,703.0,12.0,,
2018-11-23,,,,
2018-11-24,,,,
2018-11-25,,,,
2018-11-26,,12.0,,
2018-11-27,,12.0,,
2018-11-28,,12.0,,
2018-11-29,,12.0,,
2018-11-30,,12.0,,
2018-12-01,,,,
2018-12-02,,,,
2018-12-03,,12.0,,
2018-12-04,703.0,12.0,,
2018-12-05,,12.0,,
2018-12-06,703.0,12.0,,
2018-12-07,703.0,12.0,,
2018-12-08,,,,
2018-12-09,,,,
2018-12-10,703.0,12.0,12.0,
2018-12-11,703.0,12.0,,
2018-12-12,,12.0,,
2018-12-13,,12.0,,
2018-12-14,703.0,12.0,,
2018-12-15,,,,
2018-12-16,,,,
2018-12-17,,12.0,,
2018-12-18,703.0,12.0,12.0,
2018-12-19,,12.0,12.0,
2018-12-20,703.0,12.0,12.0,
2018-12-21,703.0,12.0,12.0,
2018-12-22,,,,
2018-12-23,,,,
2018-12-24,,,,
2018-12-25,703.0,12.0,12.0,
2018-12-26,,12.0,,
2018-12-27,,12.0,,
2018-12-28,703.0,12.0,,
2018-12-29,,,,
2018-12-30,,,,
2018-12-31,,,,
2019-01-01,,,,
2019-01-02,,,,
2019-01-03,,,,
2019-01-04,704.0,12.0,12.0,
2019-01-05,,,,
2019-01-06,,,,
2019-01-07,,12.0,,
2019-01-08,,12.0,,
2019-01-09,,12.0,,
2019-01-10,704.0,12.0,,
2019-01-11,,12.0,,
2019-01-12,,,,
2019-01-13,,,,
2019-01-14,,,,
2019-01-15,,12.0,,
2019-01-16,704.0,12.0,,
2019-01-17,,12.0,,
2019-01-18,,12.0,,
2019-01-19,,,,
2019-01-20,,,,
2019-01-21,,12.0,,
2019-01-22,,12.0,,
2019-01-23,,12.0,,
2019-01-24,,12.0,,
2019-01-25,,12.0,,
2019-01-26,,,,
2019-01-27,,,,
2019-01-28,,12.0,,
2019-01-29,704.0,12.0,,
2019-01-30,,12.0,,
2019-01-31,,12.0,,
2019-02-01,,12.0,,
2019-02-02,,,,
2019-02-03,,,,
2019-02-04,,12.0,,
2019-02-05,,12.0,,
2019-02-06,,12.0,,
2019-02-07,704.0,12.0,,
2019-02-08,704.0,12.0,12.0,
2019-02-09,,,,
2019-02-10,,,,
2019-02-11,,,,
2019-02-12,,12.0,12.0,
2019-02-13,,12.0,,
2019-02-14,,12.0,,
2019-02-15,704.0,12.0,12.0,
2019-02-16,,,,
2019-02-17,,,,
2019-02-18,,12.0,,
2019-02-19,,12.0,,
2019-02-20,,12.0,,
2019-02-21,,12.0,,
2019-02-22,,12.0,,
2019-02-23,,,,
2019-02-24,,,,
2019-02-25,,12.0,,
2019-02-26,,12.0,12.0,
2019-02-27,,12.0,,
2019-02-28,,12.0,,
2019-03-01,,12.0,,
2019-03-02,,,,
2019-03-03,,,,
2019-03-04,,12.0,,
2019-03-05,702.0,12.0,,
2019-03-06,,12.0,,
2019-03-07,702.0,12.0,,
2019-03-08,702.0,12.0,,
2019-03-09,,,,
2019-03-10,,,,
2019-03-11,,12.0,,
2019-03-12,,12.0,,
2019-03-13,702.0,12.0,,
2019-03-14,,12.0,,
2019-03-15,,12.0,,
2019-03-16,,,,
2019-03-17,,,,
2019-03-18,,12.0,,
2019-03-19,,12.0,,
2019-03-20,,12.0,12.0,
2019-03-21,,,,
2019-03-22,,12.0,,
2019-03-23,,,,
2019-03-24,,,,
2019-03-25,702.0,12.0,12.0,
2019-03-26,,12.0,,
2019-03-27,702.0,12.0,,
2019-03-28,702.0,12.0,12.0,
2019-03-29,,12.0,,
2019-03-30,,,,
2019-03-31,,,,
2019-04-01,,12.0,12.0,
2019-04-02,,12.0,12.0,
2019-04-03,,12.0,12.0,
2019-04-04,,12.0,12.0,
2019-04-05,,12.0,,
2019-04-06,,,,
2019-04-07,,,,
2019-04-08,,12.0,,
2019-04-09,705.0,12.0,12.0,
2019-04-10,705.0,12.0,,
2019-04-11,705.0,12.0,12.0,
2019-04-12,,12.0,,
2019-04-13,,,,
2019-04-14,,,,
2019-04-15,,12.0,,
2019-04-16,,12.0,,
2019-04-17,,12.0,12.0,
2019-04-18,,12.0,,
2019-04-19,,12.0,,
2019-04-20,,,,
2019-04-21,,,,
2019-04-22,,12.0,,
2019-04-23,,12.0,,
2019-04-24,,12.0,12.0,
2019-04-25,,12.0,,
2019-04-26,705.0,12.0,,
2019-04-27,,,,
2019-04-28,,,,
2019-04-29,,,,
2019-04-30,,,,
2019-05-01,,,,
2019-05-02,,,,
2019-05-03,,,,
2019-05-04,,,,
2019-05-05,,,,
2019-05-06,,,,
2019-05-07,,12.0,,
2019-05-08,707.0,12.0,,
2019-05-09,707.0,12.0,,
2019-05-10,,12.0,,
2019-05-11,,,,
2019-05-12,,,,
2019-05-13,,12.0,,
2019-05-14,707.0,12.0,,
2019-05-15,,12.0,,
2019-05-16,707.0,12.0,,
2019-05-17,,12.0,,
2019-05-18,,,,
2019-05-19,,,,
2019-05-20,,12.0,,
2019-05-21,707.0,12.0,12.0,
2019-05-22,,12.0,12.0,
2019-05-23,707.0,12.0,,
2019-05-24,707.0,12.0,,
2019-05-25,,,,
2019-05-26,,,,
2019-05-27,,12.0,,
2019-05-28,,12.0,,
2019-05-29,707.0,12.0,,
2019-05-30,707.0,12.0,,
2019-05-31,707.0,12.0,12.0,
2019-06-01,,,,
2019-06-02,,,,
2019-06-03,705.0,12.0,12.0,
2019-06-04,705.0,12.0,,
2019-06-05,,12.0,,
2019-06-06,,12.0,,
2019-06-07,,12.0,,
2019-06-08,,,,
2019-06-09,,,,
2019-06-10,,12.0,,
2019-06-11,,12.0,,
2019-06-12,,12.0,,
2019-06-13,705.0,12.0,,
2019-06-14,,12.0,,
2019-06-15,,,,
2019-06-16,,,,
2019-06-17,,12.0,,
2019-06-18,,12.0,,
2019-06-19,,12.0,,
2019-06-20,,12.0,,
2019-06-21,,12.0,,
2019-06-22,,,,
2019-06-23,,,,
2019-06-24,,12.0,,
2019-06-25,,12.0,,
2019-06-26,,12.0,,
2019-06-27,,12.0,,
2019-06-28,,12.0,,
2019-06-29,,,,
2019-06-30,,,,
2019-07-01,,12.0,,
2019-07-02,,12.0,,
2019-07-03,704.0,12.0,,
2019-07-04,,12.0,,
2019-07-05,,12.0,,
2019-07-06,,,,
2019-07-07,,,,
2019-07-08,704.0,12.0,,
2019-07-09,,12.0,,
2019-07-10,704.0,12.0,,
2019-07-11,,12.0,,
2019-07-12,,12.0,,
2019-07-13,,,,
2019-07-14,,,,
2019-07-15,,,,
2019-07-16,704.0,12.0,,
2019-07-17,,12.0,,
2019-07-18,704.0,12.0,,
2019-07-19,,12.0,,
2019-07-20,,,,
2019-07-21,,,,
2019-07-22,,12.0,,
2019-07-23,,12.0,,
2019-07-24,,12.0,,
2019-07-25,,12.0,,
2019-07-26,704.0,12.0,,
2019-07-27,,,,
2019-07-28,,,,
2019-07-29,,12.0,,
2019-07-30,,12.0,,
2019-07-31,704.0,12.0,,
2019-08-01,,12.0,,
2019-08-02,707.0,12.0,,
2019-08-03,,,,
2019-08-04,,,,
2019-08-05,707.0,12.0,,
2019-08-06,707.0,12.0,12.0,
2019-08-07,707.0,12.0,,
2019-08-08,,12.0,,
2019-08-09,,12.0,,
2019-08-10,,,,
2019-08-11,,,,
2019-08-12,,,,
2019-08-13,707.0,12.0,,
2019-08-14,,12.0,,
2019-08-15,707.0,12.0,,
2019-08-16,,12.0,,
2019-08-17,,,,
2019-08-18,,,,
2019-08-19,,12.0,,
2019-08-20,,12.0,,
2019-08-21,707.0,12.0,,
2019-08-22,,12.0,,
2019-08-23,,12.0,,
2019-08-24,,,,
2019-08-25,,,,
2019-08-26,707.0,12.0,,
2019-08-27,,12.0,,
2019-08-28,,12.0,,
2019-08-29,707.0,12.0,,
2019-08-30,,12.0,,
2019-08-31,,,,
2019-09-01,,,,
2019-09-02,,12.0,,
2019-09-03,,12.0,,
2019-09-04,,12.0,,
2019-09-05,,12.0,,
2019-09-06,,12.0,,
2019-09-07,,,,
2019-09-08,,,,
2019-09-09,,12.0,,
2019-09-10,,12.0,,
2019-09-11,,12.0,,
2019-09-12,,12.0,12.0,
2019-09-13,,12.0,,
2019-09-14,,,,
2019-09-15,,,,
2019-09-16,,,,
2019-09-17,,12.0,,
2019-09-18,,12.0,,
2019-09-19,,12.0,,
2019-09-20,,12.0,,
2019-09-21,,,,
2019-09-22,,,,
2019-09-23,,,,
2019-09-24,,12.0,,
2019-09-25,,12.0,,
2019-09-26,,12.0,,
2019-09-27,701.0,12.0,,
2019-09-28,,,,
2019-09-29,,,,
2019-09-30,701.0,12.0,12.0,
2019-10-01,,12.0,,
2019-10-02,704.0,12.0,,
2019-10-03,704.0,12.0,,
2019-10-04,704.0,12.0,,
2019-10-05,,,,
2019-10-06,,,,
2019-10-07,,12.0,,
2019-10-08,,12.0,,
2019-10-09,704.0,12.0,,
2019-10-10,,12.0,,
2019-10-11,,12.0,12.0,
2019-10-12,,,,
2019-10-13,,,,
2019-10-14,,,,
2019-10-15,,12.0,,
2019-10-16,,12.0,,
2019-10-17,,12.0,,
2019-10-18,,12.0,,
2019-10-19,,,,
2019-10-20,,,,
2019-10-21,,12.0,,
2019-10-22,,,,
2019-10-23,,12.0,,
2019-10-24,,12.0,,
2019-10-25,,12.0,,
2019-10-26,,,,
2019-10-27,,,,
2019-10-28,,12.0,12.0,
2019-10-29,,12.0,,
2019-10-30,,12.0,,
2019-10-31,,12.0,,
2019-11-01,,12.0,,
2019-11-02,,,,
2019-11-03,,,,
2019-11-04,,,,
2019-11-05,,12.0,,
2019-11-06,,12.0,12.0,
2019-11-07,,12.0,,
2019-11-08,,12.0,12.0,
2019-11-09,,,,
2019-11-10,,,,
2019-11-11,,12.0,,
2019-11-12,,12.0,12.0,
2019-11-13,,12.0,12.0,
2019-11-14,,12.0,,
2019-11-15,,12.0,,
2019-11-16,,,,
2019-11-17,,,,
2019-11-18,,12.0,,
2019-11-19,,12.0,,
2019-11-20,703.0,12.0,,
2019-11-21,703.0,12.0,12.0,
2019-11-22,,12.0,12.0,
2019-11-23,,,,
2019-11-24,,,,
2019-11-25,,12.0,,
2019-11-26,,12.0,,
2019-11-27,,12.0,,
2019-11-28,,12.0,12.0,
2019-11-29,,12.0,12.0,
2019-11-30,,,,
2019-12-01,,,,
2019-12-02,,12.0,12.0,
2019-12-03,706.0,12.0,12.0,
2019-12-04,706.0,12.0,,
2019-12-05,,12.0,12.0,
2019-12-06,,12.0,,
2019-12-07,,,,
2019-12-08,,,,
2019-12-09,,12.0,12.0,
2019-12-10,,12.0,12.0,
2019-12-11,,12.0,12.0,
2019-12-12,,12.0,12.0,
2019-12-13,,12.0,12.0,
2019-12-14,,,,
2019-12-15,,,,
2019-12-16,,12.0,12.0,
2019-12-17,,12.0,12.0,
2019-12-18,,12.0,,
2019-12-19,,12.0,,
2019-12-20,706.0,12.0,,
2019-12-21,,,,
2019-12-22,,,,
2019-12-23,,12.0,,
2019-12-24,,12.0,,
2019-12-25,,12.0,,
2019-12-26,,12.0,,
2019-12-27,,12.0,12.0,
2019-12-28,,,,
2019-12-29,,,,
2019-12-30,,12.0,,
2019-12-31,,,,
2020-01-01,,,,
2020-01-02,,,,
2020-01-03,,,,
2020-01-04,,,,
2020-01-05,,,,
2020-01-06,702.0,12.0,,
2020-01-07,,12.0,,
2020-01-08,702.0,12.0,,
2020-01-09,,12.0,,
2020-01-10,,12.0,,
2020-01-11,,,,
2020-01-12,,,,
2020-01-13,,,,
2020-01-14,,12.0,,
2020-01-15,702.0,12.0,,
2020-01-16,,12.0,,
2020-01-17,,12.0,,
2020-01-18,,,,
2020-01-19,,,,
2020-01-20,,12.0,,
2020-01-21,,12.0,,
2020-01-22,,12.0,,
2020-01-23,,12.0,,
2020-01-24,,12.0,,
2020-01-25,,,,
2020-01-26,,,,
2020-01-27,702.0,12.0,12.0,
2020-01-28,702.0,12.0,,
2020-01-29,,12.0,,
2020-01-30,702.0,12.0,,
2020-01-31,,12.0,,
2020-02-01,,,,
2020-02-02,,,,
2020-02-03,703.0,12.0,12.0,
2020-02-04,,12.0,,
2020-02-05,,12.0,,
2020-02-06,,12.0,,
2020-02-07,,12.0,,
2020-02-08,,,,
2020-02-09,,,,
2020-02-10,,12.0,,
2020-02-11,,,,
2020-02-12,,12.0,,
2020-02-13,,12.0,,
2020-02-14,703.0,12.0,,
2020-02-15,,,,
2020-02-16,,,,
2020-02-17,703.0,12.0,,
2020-02-18,703.0,12.0,,
2020-02-19,,12.0,,
2020-02-20,,12.0,,
2020-02-21,,12.0,,
2020-02-22,,,,
2020-02-23,,,,
2020-02-24,,,,
2020-02-25,703.0,12.0,,
2020-02-26,703.0,12.0,12.0,
2020-02-27,703.0,12.0,12.0,
2020-02-28,703.0,12.0,12.0,
2020-02-29,,,,
2020-03-01,,,,
2020-03-02,1002.0,12.0,,
2020-03-03,,12.0,,
2020-03-04,,12.0,,
2020-03-05,,12.0,,
2020-03-06,1002.0,12.0,12.0,
2020-03-07,,,,
2020-03-08,,,,
2020-03-09,1002.0,12.0,12.0,
2020-03-10,1002.0,12.0,12.0,
2020-03-11,,12.0,,
2020-03-12,1002.0,12.0,12.0,
2020-03-13,1002.0,12.0,12.0,
2020-03-14,,,,
2020-03-15,,,,
2020-03-16,,12.0,15.0,
2020-03-17,1204.0,12.0,20.0,
2020-03-18,,12.0,20.0,
2020-03-19,2004.0,12.0,40.0,
2020-03-20,,,,
2020-03-21,,,,
2020-03-22,,,,
2020-03-23,2004.0,12.0,40.0,
2020-03-24,,12.0,,
2020-03-25,,12.0,,
2020-03-26,2004.0,12.0,,
2020-03-27,,12.0,40.0,
2020-03-28,,,,
2020-03-29,,,,
2020-03-30,2004.0,12.0,40.0,
2020-03-31,,12.0,40.0,
2020-04-01,1202.0,12.0,20.0,
2020-04-02,1202.0,12.0,20.0,
2020-04-03,,12.0,20.0,
2020-04-04,,,,
2020-04-05,,,,
2020-04-06,,12.0,,
2020-04-07,,12.0,,
2020-04-08,,12.0,20.0,
2020-04-09,1202.0,12.0,20.0,
2020-04-10,1202.0,12.0,20.0,
2020-04-11,,,,
2020-04-12,,,,
2020-04-13,,12.0,,
2020-04-14,,12.0,,
2020-04-15,1202.0,12.0,,
2020-04-16,1202.0,12.0,,
2020-04-17,,12.0,,
2020-04-18,,,,
2020-04-19,,,,
2020-04-20,,12.0,,
2020-04-21,1202.0,12.0,20.0,
2020-04-22,1202.0,12.0,20.0,
2020-04-23,,12.0,,
2020-04-24,1202.0,12.0,20.0,
2020-04-25,,,,
2020-04-26,,,,
2020-04-27,,12.0,,
2020-04-28,1202.0,12.0,20.0,
2020-04-29,,,,
2020-04-30,,12.0,,
2020-05-01,1205.0,12.0,,
2020-05-02,,,,
2020-05-03,,,,
2020-05-04,,,,
2020-05-05,,,,
2020-05-06,,,,
2020-05-07,,12.0,20.0,
2020-05-08,,12.0,,
2020-05-09,,,,
2020-05-10,,,,
2020-05-11,,12.0,,
2020-05-12,,12.0,15.0,
2020-05-13,1005.0,12.0,15.0,
2020-05-14,1005.0,12.0,15.0,
2020-05-15,1005.0,12.0,15.0,
2020-05-16,,,,
2020-05-17,,,,
2020-05-18,,12.0,,
2020-05-19,,12.0,,
2020-05-20,,12.0,,
2020-05-21,,12.0,,
2020-05-22,,12.0,,
2020-05-23,,,,
2020-05-24,,,,
2020-05-25,,12.0,,
2020-05-26,,12.0,,
2020-05-27,,12.0,,
2020-05-28,,12.0,15.0,
2020-05-29,,12.0,,
2020-05-30,,,,
2020-05-31,,,,
2020-06-01,,12.0,15.0,
2020-06-02,,12.0,,
2020-06-03,,12.0,,
2020-06-04,,12.0,,
2020-06-05,,12.0,,
2020-06-06,,,,
2020-06-07,,,,
2020-06-08,,12.0,,
2020-06-09,,12.0,,
2020-06-10,,12.0,15.0,
2020-06-11,1001.0,12.0,15.0,
2020-06-12,1001.0,12.0,15.0,0.0
2020-06-13,,,,
2020-06-14,,,,
2020-06-15,,12.0,,
2020-06-16,,12.0,,2.0
2020-06-17,,12.0,,0.0
2020-06-18,1001.0,12.0,15.0,0.0
2020-06-19,1001.0,12.0,15.0,
2020-06-20,,,,
2020-06-21,,,,
2020-06-22,,12.0,,0.0
2020-06-23,,12.0,,1.0
2020-06-24,,12.0,,
2020-06-25,1001.0,12.0,15.0,100.0
2020-06-26,,12.0,,0.0
2020-06-27,,,,
2020-06-28,,,,
2020-06-29,1001.0,12.0,15.0,0.0
2020-06-30,,12.0,,0.0
2020-07-01,,12.0,,0.0
2020-07-02,,12.0,,0.0
2020-07-03,,12.0,15.0,
2020-07-04,,,,
2020-07-05,,,,
2020-07-06,,12.0,,
2020-07-07,,12.0,15.0,0.0
2020-07-08,,12.0,,
2020-07-09,1002.0,12.0,,0.0
2020-07-10,1002.0,12.0,15.0,1.0
2020-07-11,,,,
2020-07-12,,,,
2020-07-13,,12.0,,3.0
2020-07-14,,12.0,,1.0
2020-07-15,,12.0,,33.0
2020-07-16,,12.0,,
2020-07-17,,12.0,,
2020-07-18,,,,
2020-07-19,,,,
2020-07-20,1002.0,12.0,15.0,0.0
2020-07-21,,12.0,,
2020-07-22,,12.0,,
2020-07-23,,,,
2020-07-24,,,,
2020-07-25,,,,
2020-07-26,,,,
2020-07-27,1002.0,12.0,15.0,0.0
2020-07-28,,12.0,,
2020-07-29,1002.0,12.0,,
2020-07-30,,12.0,15.0,
2020-07-31,1002.0,12.0,15.0,5.0
2020-08-01,,,,
2020-08-02,,,,
2020-08-03,,12.0,,
2020-08-04,,12.0,,
2020-08-05,1003.0,12.0,,
2020-08-06,,12.0,,1.0
2020-08-07,,12.0,,1.0
2020-08-08,,,,
2020-08-09,,,,
2020-08-10,,,,
2020-08-11,,12.0,,
2020-08-12,,12.0,,
2020-08-13,,12.0,,1.0
2020-08-14,,12.0,,
2020-08-15,,,,
2020-08-16,,,,
2020-08-17,,12.0,,0.0
2020-08-18,803.0,12.0,,
2020-08-19,,12.0,12.0,
2020-08-20,,12.0,,
2020-08-21,,12.0,,2.0
2020-08-22,,,,
2020-08-23,,,,
2020-08-24,,12.0,12.0,0.0
2020-08-25,,12.0,,3.0
2020-08-26,,12.0,,
2020-08-27,,12.0,,8.0
2020-08-28,,12.0,,
2020-08-29,,,,
2020-08-30,,,,
2020-08-31,,12.0,,67.0
2020-09-01,,12.0,12.0,77.0
2020-09-02,,12.0,,
2020-09-03,,12.0,,76.0
2020-09-04,801.0,12.0,12.0,
2020-09-05,,,,
2020-09-06,,,,
2020-09-07,,12.0,12.0,
2020-09-08,,12.0,,67.0
2020-09-09,801.0,12.0,,65.0
2020-09-10,,12.0,,
2020-09-11,,12.0,,0.0
2020-09-12,,,,
2020-09-13,,,,
2020-09-14,,12.0,,
2020-09-15,801.0,12.0,,
2020-09-16,,12.0,,
2020-09-17,801.0,12.0,,
2020-09-18,,12.0,,4.0
2020-09-19,,,,
2020-09-20,,,,
2020-09-21,,,,
2020-09-22,,,,
2020-09-23,801.0,12.0,,
2020-09-24,801.0,12.0,,
2020-09-25,,12.0,,
2020-09-26,,,,
2020-09-27,,,,
2020-09-28,,12.0,,
2020-09-29,801.0,12.0,,
2020-09-30,,12.0,,
2020-10-01,,12.0,,207.0
2020-10-02,,12.0,,
2020-10-03,,,,
2020-10-04,,,,
2020-10-05,,12.0,,
2020-10-06,,12.0,,800.0
2020-10-07,,12.0,,
2020-10-08,,12.0,,267.0
2020-10-09,,12.0,,
2020-10-10,,,,
2020-10-11,,,,
2020-10-12,,12.0,,132.0
2020-10-13,,12.0,,3.0
2020-10-14,701.0,12.0,12.0,
2020-10-15,,12.0,,198.0
2020-10-16,701.0,12.0,,427.0
2020-10-17,,,,
2020-10-18,,,,
2020-10-19,,12.0,12.0,
2020-10-20,,12.0,,132.0
2020-10-21,,12.0,,
2020-10-22,701.0,12.0,,
2020-10-23,,12.0,,2.0
2020-10-24,,,,
2020-10-25,,,,
2020-10-26,,12.0,12.0,
2020-10-27,,12.0,,
2020-10-28,701.0,12.0,12.0,9.0
2020-10-29,701.0,12.0,12.0,
2020-10-30,701.0,12.0,12.0,0.0
2020-10-31,,,,
2020-11-01,,,,
2020-11-02,,12.0,,79.0
2020-11-03,,,,
2020-11-04,,12.0,,3.0
2020-11-05,,12.0,,76.0
2020-11-06,,12.0,12.0,100.0
2020-11-07,,,,
2020-11-08,,,,
2020-11-09,,12.0,,14.0
2020-11-10,,12.0,,202.0
2020-11-11,,12.0,,
2020-11-12,,12.0,12.0,
2020-11-13,701.0,12.0,12.0,0.0
2020-11-14,,,,
2020-11-15,,,,
2020-11-16,,12.0,,
2020-11-17,,12.0,,
2020-11-18,701.0,12.0,12.0,
2020-11-19,,12.0,12.0,
2020-11-20,,12.0,12.0,100.0
2020-11-21,,,,
2020-11-22,,,,
2020-11-23,,,,
2020-11-24,,12.0,,
2020-11-25,,12.0,,153.0
2020-11-26,,12.0,,7.0
2020-11-27,,12.0,12.0,7.0
2020-11-28,,,,
2020-11-29,,,,
2020-11-30,,12.0,12.0,8.0
2020-12-01,,12.0,,8.0
2020-12-02,,12.0,12.0,1.0
2020-12-03,,12.0,,27.0
2020-12-04,,12.0,,
2020-12-05,,,,
2020-12-06,,,,
2020-12-07,,12.0,,1.0
2020-12-08,,12.0,,1.0
2020-12-09,,12.0,,6.0
2020-12-10,,12.0,,28.0
2020-12-11,,12.0,,11.0
2020-12-12,,,,
2020-12-13,,,,
2020-12-14,,12.0,,0.0
2020-12-15,,12.0,,
2020-12-16,,12.0,,
2020-12-17,,12.0,,8.0
2020-12-18,,12.0,,
2020-12-19,,,,
2020-12-20,,,,
2020-12-21,701.0,12.0,,
2020-12-22,701.0,12.0,,5.0
2020-12-23,,12.0,,
2020-12-24,,12.0,,8.0
2020-12-25,,12.0,,
2020-12-26,,,,
2020-12-27,,,,
2020-12-28,,12.0,,
2020-12-29,,12.0,12.0,
2020-12-30,701.0,12.0,,300.0
2020-12-31,,,,
2022-01-01,,,,
2022-01-02,,,,
2022-01-03,,,,
2022-01-04,,,,
2022-01-05,,,,
2022-01-06,,,,1.0
2022-01-07,,,,
2022-01-08,,,,
2022-01-09,,,,
2022-01-10,,,,
2022-01-11,,,,
2022-01-12,,,,
2022-01-13,,,,
2022-01-14,701.0,,,
2022-01-15,,,,
2022-01-16,,,,
2022-01-17,,,,
2022-01-18,,,,
2022-01-19,,,,
2022-01-20,,,,
2022-01-21,,,,
2022-01-22,,,,
2022-01-23,,,,
2022-01-24,,,,
2022-01-25,701.0,,,0.0
2022-01-26,,,,
2022-01-27,,,,33.0
2022-01-28,,,,9.0
2022-01-29,,,,
2022-01-30,,,,
2022-01-31,,,,
2022-02-01,,,,
2022-02-02,,,,
2022-02-03,,,,
2022-02-04,,,,4.0
2022-02-05,,,,
2022-02-06,,,,
2022-02-07,,,,
2022-02-08,,,,
2022-02-09,,,,
2022-02-10,,,,
2022-02-11,,,,
2022-02-12,,,,
2022-02-13,,,,
2022-02-14,701.0,,12.0,
2022-02-15,,,,
2022-02-16,,,,
2022-02-17,,,,
2022-02-18,,,,
2022-02-19,,,,
2022-02-20,,,,
2022-02-21,,,,
2022-02-22,,,12.0,
2022-02-23,,,,
2022-02-24,,,,
2022-02-25,,,,39.0
2022-02-26,,,,
2022-02-27,,,,
2022-02-28,,,,
2022-03-01,,,,
2022-03-02,,,,
2022-03-03,,,,
2022-03-04,,,,
2022-03-05,,,,
2022-03-06,,,,
2022-03-07,701.0,,,17.0
2022-03-08,,,,2.0
2022-03-09,,,,5.0
2022-03-10,,,,2.0
